Value,Count
680,12558.0
2157,10751.0
2315,6011.0
3449,4713.0
7487,1574.0
3288,814.0
5888,614.0
721,578.0
7627,562.0
2300,553.0
3968,542.0
5541,529.0
1286,496.0
237,485.0
4642,475.0
1365,465.0
6424,453.0
991,439.0
2806,402.0
256,400.0
4725,387.0
2346,382.0
7375,377.0
2520,374.0
5167,370.0
2009,366.0
5355,349.0
4252,347.0
4643,346.0
1218,344.0
6754,339.0
6946,339.0
409,336.0
5523,331.0
1718,328.0
7673,328.0
1342,315.0
4619,304.0
7361,303.0
7165,302.0
6740,293.0
1639,291.0
7182,287.0
2771,287.0
6665,275.0
957,273.0
5832,270.0
4781,266.0
4230,265.0
5688,263.0
2134,259.0
5882,252.0
3051,247.0
6179,245.0
6623,243.0
7593,238.0
5316,236.0
3438,233.0
2782,230.0
5294,228.0
89,227.0
6279,227.0
7277,222.0
796,220.0
2678,216.0
3559,214.0
1116,213.0
6176,213.0
3318,210.0
4126,209.0
1056,208.0
5758,208.0
8114,203.0
804,202.0
2872,201.0
321,198.0
6949,195.0
7319,195.0
1318,195.0
5360,194.0
5452,194.0
4388,187.0
1325,185.0
5983,183.0
4548,183.0
2847,178.0
5811,177.0
7406,176.0
4235,174.0
2798,174.0
3294,173.0
4365,173.0
7824,173.0
6266,173.0
1371,171.0
2928,171.0
822,170.0
7779,170.0
4815,170.0
1760,167.0
1229,167.0
6393,163.0
7617,163.0
6798,161.0
3351,160.0
4953,160.0
3306,160.0
836,156.0
3514,156.0
2372,154.0
187,153.0
5611,152.0
572,151.0
7679,150.0
7781,150.0
5513,149.0
7982,149.0
3653,147.0
1165,146.0
6938,146.0
7741,145.0
3853,145.0
5075,144.0
6156,144.0
1423,143.0
1208,143.0
8028,139.0
7491,138.0
3583,138.0
7412,137.0
5721,137.0
1424,137.0
2977,135.0
5899,134.0
461,132.0
3877,131.0
195,127.0
1370,127.0
209,126.0
10,126.0
1860,126.0
5235,126.0
5254,125.0
2589,125.0
2050,125.0
1234,124.0
1537,123.0
212,123.0
2297,122.0
5923,121.0
5441,121.0
7294,120.0
4939,120.0
5620,120.0
4251,119.0
3556,118.0
5331,118.0
573,116.0
5946,116.0
2619,115.0
4508,115.0
7717,115.0
7927,114.0
7797,114.0
2426,114.0
765,113.0
5000,112.0
3928,112.0
3040,111.0
5143,111.0
1649,111.0
18,111.0
163,110.0
5760,110.0
4657,110.0
699,109.0
1877,109.0
1698,108.0
4012,106.0
564,106.0
3529,106.0
7235,105.0
5545,105.0
5478,105.0
8127,105.0
1619,104.0
5746,104.0
1657,104.0
4038,104.0
3110,103.0
1979,103.0
5625,103.0
1084,102.0
5614,102.0
231,102.0
2728,102.0
4498,102.0
1883,101.0
2862,101.0
7440,100.0
6525,100.0
7367,100.0
6937,100.0
1583,100.0
2287,99.0
5278,99.0
146,99.0
6613,98.0
432,98.0
7131,97.0
4890,97.0
404,97.0
4963,97.0
99,97.0
7068,96.0
7186,96.0
4048,96.0
1227,96.0
5932,96.0
893,96.0
5048,96.0
7575,95.0
2397,95.0
4144,95.0
7645,94.0
5890,94.0
2978,94.0
4072,94.0
1613,94.0
3437,94.0
6578,94.0
832,94.0
919,93.0
7780,93.0
5894,93.0
5826,93.0
4018,92.0
2602,92.0
5217,92.0
8013,91.0
4879,91.0
5222,91.0
2636,91.0
1805,91.0
4369,91.0
7979,90.0
6614,90.0
510,90.0
1692,90.0
1595,90.0
7809,89.0
6916,89.0
1343,89.0
8071,89.0
1587,89.0
1736,88.0
5087,87.0
7720,87.0
425,87.0
1829,87.0
5242,87.0
820,87.0
5168,87.0
2882,87.0
2938,87.0
1312,87.0
8047,87.0
3977,87.0
3420,86.0
2189,86.0
1336,86.0
843,86.0
8049,86.0
3884,86.0
341,85.0
2391,85.0
2292,85.0
2141,85.0
6726,85.0
6308,84.0
1976,84.0
4323,84.0
3004,84.0
3767,84.0
6234,84.0
2885,84.0
6215,83.0
5038,83.0
6383,83.0
507,83.0
3903,83.0
3065,83.0
3551,83.0
2622,83.0
2279,83.0
4153,83.0
7418,82.0
5117,82.0
2742,81.0
6683,81.0
4019,81.0
8025,81.0
3272,80.0
8041,80.0
7823,80.0
7430,80.0
5943,80.0
6281,80.0
651,79.0
6,79.0
3654,79.0
1141,79.0
6750,78.0
2888,78.0
7095,78.0
5251,78.0
2353,78.0
4390,78.0
6354,78.0
1458,78.0
6008,78.0
384,77.0
4728,77.0
6817,77.0
7576,77.0
2684,77.0
5104,76.0
54,76.0
7132,76.0
2394,76.0
1321,76.0
2244,76.0
3922,75.0
6402,75.0
4462,75.0
4340,75.0
7142,75.0
339,75.0
644,74.0
7238,74.0
7494,74.0
6609,74.0
847,74.0
6868,74.0
4715,74.0
5717,73.0
3488,73.0
3097,73.0
6040,73.0
7422,73.0
6736,73.0
3044,73.0
5346,73.0
3704,73.0
8094,73.0
1203,73.0
2874,73.0
4687,73.0
4342,72.0
1893,72.0
2884,72.0
6557,72.0
1815,72.0
6065,72.0
1115,72.0
5867,72.0
2892,72.0
1031,71.0
5264,71.0
428,71.0
2104,71.0
6186,71.0
5178,71.0
308,71.0
1837,71.0
2502,71.0
4898,70.0
1315,70.0
7622,70.0
5269,70.0
1931,70.0
7433,70.0
236,70.0
4861,70.0
2210,69.0
7465,69.0
2812,69.0
6251,69.0
2066,69.0
6443,69.0
5642,69.0
4197,69.0
7930,68.0
2347,68.0
3282,68.0
4255,68.0
864,68.0
5436,68.0
7405,68.0
7967,68.0
1306,68.0
2659,68.0
678,68.0
1983,68.0
145,68.0
3334,68.0
6498,68.0
479,68.0
7543,68.0
551,68.0
5477,67.0
4386,67.0
1160,67.0
3078,67.0
6858,67.0
6847,67.0
6180,67.0
5295,67.0
6434,67.0
2825,67.0
4579,66.0
2455,66.0
3257,66.0
6922,66.0
2051,66.0
8179,66.0
2497,66.0
6985,66.0
1938,65.0
1542,65.0
3916,65.0
2492,65.0
2059,65.0
2037,65.0
6094,65.0
6562,65.0
3493,65.0
5626,65.0
4482,65.0
4367,65.0
5321,64.0
4233,64.0
7827,64.0
3261,64.0
771,64.0
878,64.0
95,63.0
3228,63.0
4325,63.0
6098,63.0
3864,63.0
3835,63.0
6688,63.0
8089,63.0
5782,63.0
1076,62.0
2,62.0
5950,62.0
7546,62.0
7056,62.0
3408,62.0
4882,62.0
4700,62.0
4770,62.0
8012,61.0
329,61.0
1112,61.0
1700,61.0
5138,61.0
1878,61.0
6218,61.0
1923,61.0
1498,61.0
4452,61.0
3925,61.0
7654,61.0
4458,61.0
2824,60.0
6662,60.0
4469,60.0
607,60.0
6881,60.0
3896,60.0
839,60.0
4389,60.0
838,60.0
4066,60.0
1350,60.0
1974,60.0
5633,59.0
2151,59.0
1273,59.0
3375,59.0
6506,59.0
4115,59.0
7377,59.0
6007,59.0
1611,59.0
5151,59.0
7379,59.0
6890,59.0
1781,59.0
420,59.0
1447,59.0
2673,59.0
7915,59.0
7231,58.0
3116,58.0
5828,58.0
7275,58.0
5247,58.0
5926,58.0
6725,58.0
7039,58.0
3688,58.0
912,58.0
6226,58.0
455,58.0
6254,58.0
1570,58.0
2068,58.0
8067,58.0
2303,58.0
1807,58.0
2161,57.0
5260,57.0
8051,57.0
3347,57.0
6037,57.0
4952,57.0
4450,57.0
4954,57.0
1274,57.0
3844,56.0
2749,56.0
7783,56.0
2219,56.0
2314,56.0
5052,56.0
5054,56.0
5147,56.0
285,56.0
267,56.0
7904,56.0
7364,56.0
4046,56.0
5374,56.0
3275,56.0
8130,56.0
2214,56.0
3251,56.0
4116,56.0
7882,55.0
4200,55.0
687,55.0
770,55.0
5021,55.0
6229,55.0
8059,55.0
6637,55.0
7845,55.0
7456,55.0
7819,55.0
6232,55.0
440,55.0
2288,55.0
129,55.0
5463,55.0
4513,55.0
7672,55.0
7411,54.0
3425,54.0
1277,54.0
6233,54.0
2197,54.0
5895,54.0
6579,54.0
434,54.0
1219,54.0
3060,54.0
3229,54.0
5588,54.0
2081,54.0
5512,54.0
3631,54.0
8090,54.0
616,54.0
8005,54.0
6120,54.0
5273,53.0
5085,53.0
7471,53.0
1981,53.0
138,53.0
6157,53.0
1750,53.0
6055,53.0
2111,53.0
2666,53.0
7288,53.0
890,53.0
5377,53.0
3795,53.0
1457,52.0
2154,52.0
6196,52.0
6201,52.0
4894,52.0
5619,52.0
4336,52.0
3314,52.0
1025,52.0
4316,52.0
5499,52.0
1971,52.0
6119,52.0
6567,52.0
7136,52.0
1252,52.0
6834,52.0
1246,52.0
5036,52.0
6473,52.0
3031,52.0
1740,52.0
2247,52.0
6885,52.0
7260,51.0
6884,51.0
7865,51.0
6799,51.0
1910,51.0
1871,51.0
5451,51.0
3543,51.0
5283,51.0
342,51.0
4289,51.0
8026,51.0
2472,51.0
7222,50.0
1867,50.0
5182,50.0
7156,50.0
6275,50.0
1491,50.0
1526,50.0
7564,50.0
2173,50.0
1926,50.0
3183,50.0
3225,50.0
2900,50.0
1571,50.0
4667,50.0
4026,50.0
1603,50.0
726,50.0
2376,50.0
716,50.0
6735,50.0
5332,50.0
1322,50.0
6805,50.0
3131,50.0
7356,50.0
1210,49.0
5787,49.0
3613,49.0
3034,49.0
5394,49.0
7318,49.0
5579,49.0
6187,49.0
6841,49.0
5073,49.0
6285,49.0
6978,49.0
7940,49.0
8116,49.0
2961,49.0
2623,49.0
2831,49.0
2495,48.0
71,48.0
3697,48.0
3721,48.0
4855,48.0
124,48.0
5252,48.0
7523,48.0
4638,48.0
4206,48.0
4355,48.0
5303,48.0
4478,48.0
4471,48.0
4179,48.0
2317,48.0
5410,47.0
6133,47.0
4839,47.0
3714,47.0
8107,47.0
6482,47.0
4920,47.0
754,47.0
2047,47.0
1948,47.0
2304,47.0
2794,47.0
2470,47.0
1389,47.0
3317,46.0
3156,46.0
1714,46.0
2358,46.0
6276,46.0
4937,46.0
5170,46.0
1138,46.0
6605,46.0
6882,46.0
2005,46.0
3912,46.0
6534,46.0
141,46.0
6958,46.0
2988,46.0
2474,46.0
5010,46.0
1935,46.0
2123,46.0
2450,46.0
6344,46.0
5192,46.0
7641,45.0
7267,45.0
589,45.0
2887,45.0
2521,45.0
7232,45.0
1593,45.0
1774,45.0
5790,45.0
7441,45.0
4764,45.0
6663,45.0
415,45.0
1797,45.0
1245,45.0
4211,45.0
5615,45.0
1671,45.0
2511,45.0
2131,45.0
5083,44.0
4941,44.0
204,44.0
356,44.0
1715,44.0
6115,44.0
1047,44.0
2895,44.0
5628,44.0
1754,44.0
4726,44.0
3383,44.0
6245,44.0
7918,44.0
8163,44.0
7961,44.0
4736,44.0
4101,44.0
458,44.0
3735,43.0
8174,43.0
2191,43.0
4225,43.0
2600,43.0
1861,43.0
1712,43.0
3295,43.0
8143,43.0
5966,43.0
1874,43.0
2177,43.0
821,43.0
4681,43.0
7281,43.0
933,43.0
4037,43.0
5327,43.0
4029,43.0
4621,43.0
8096,43.0
4130,43.0
6166,43.0
3712,43.0
1490,43.0
3386,43.0
4479,42.0
1000,42.0
5733,42.0
3427,42.0
6058,42.0
7492,42.0
7495,42.0
8033,42.0
5128,42.0
3152,42.0
5153,42.0
5906,42.0
3076,42.0
5587,42.0
5870,42.0
6971,42.0
276,42.0
2250,42.0
7194,42.0
143,42.0
6551,42.0
6838,42.0
87,42.0
2045,42.0
3095,42.0
1280,42.0
3819,42.0
3328,42.0
7891,42.0
2650,41.0
6589,41.0
1223,41.0
4033,41.0
383,41.0
4280,41.0
5766,41.0
2461,41.0
3120,41.0
3006,41.0
7572,41.0
5033,41.0
3934,41.0
7286,41.0
662,41.0
5284,41.0
7748,41.0
7805,41.0
3372,41.0
7228,41.0
8140,41.0
3398,41.0
2268,40.0
5756,40.0
5991,40.0
4188,40.0
3623,40.0
2745,40.0
7505,40.0
544,40.0
6764,40.0
1083,40.0
3859,40.0
5214,40.0
6707,40.0
706,40.0
6409,40.0
6908,40.0
7804,40.0
828,40.0
6121,40.0
4604,40.0
4615,40.0
975,40.0
3862,40.0
7551,40.0
2778,40.0
3356,40.0
6992,40.0
3368,40.0
2508,40.0
6013,40.0
5396,40.0
7536,40.0
6548,39.0
1198,39.0
4976,39.0
6508,39.0
3440,39.0
5184,39.0
6337,39.0
2588,39.0
1211,39.0
5072,39.0
1298,39.0
7313,39.0
6313,39.0
2399,39.0
1181,39.0
3459,39.0
3161,39.0
6033,39.0
4314,39.0
1730,39.0
7229,39.0
216,39.0
5609,39.0
7782,39.0
2661,39.0
6901,39.0
5910,39.0
4724,39.0
3082,39.0
6892,39.0
3081,39.0
4788,38.0
4748,38.0
2691,38.0
7370,38.0
2894,38.0
4654,38.0
3415,38.0
819,38.0
7290,38.0
5549,38.0
5993,38.0
7466,38.0
7498,38.0
6397,38.0
7648,38.0
4056,38.0
3237,38.0
3720,38.0
1516,38.0
6035,38.0
7609,38.0
2245,38.0
3669,38.0
3113,38.0
4158,38.0
2486,38.0
252,38.0
3349,38.0
433,38.0
6175,37.0
2356,37.0
4366,37.0
416,37.0
6925,37.0
1887,37.0
4143,37.0
966,37.0
8158,37.0
2305,37.0
797,37.0
2299,37.0
7002,37.0
4095,37.0
16,37.0
942,37.0
937,37.0
4840,37.0
2282,37.0
5963,37.0
4959,37.0
5208,37.0
2055,37.0
5127,37.0
4584,37.0
1304,37.0
2993,37.0
1288,37.0
6650,37.0
1438,37.0
8042,37.0
6356,37.0
1474,37.0
6698,37.0
1044,37.0
4675,37.0
3976,37.0
7305,37.0
753,37.0
8129,37.0
4773,36.0
5583,36.0
5459,36.0
5454,36.0
4940,36.0
2860,36.0
4639,36.0
2786,36.0
2312,36.0
4755,36.0
3933,36.0
2592,36.0
5231,36.0
5230,36.0
3371,36.0
2402,36.0
3639,36.0
3841,36.0
1529,36.0
1033,36.0
7257,36.0
7427,36.0
8103,36.0
1464,36.0
7900,36.0
786,36.0
1399,36.0
1293,36.0
6667,36.0
1563,36.0
1552,36.0
202,36.0
1492,36.0
6111,35.0
3359,35.0
5063,35.0
4924,35.0
1502,35.0
3791,35.0
6503,35.0
2561,35.0
5552,35.0
1640,35.0
4161,35.0
4949,35.0
2976,35.0
7349,35.0
4698,35.0
3401,35.0
4682,35.0
664,35.0
7912,35.0
4852,35.0
2525,35.0
1575,35.0
2403,35.0
2152,35.0
3012,35.0
6968,35.0
5475,35.0
5411,35.0
140,35.0
3513,35.0
4702,35.0
1912,35.0
5159,35.0
4587,35.0
5461,34.0
5937,34.0
5915,34.0
4581,34.0
2332,34.0
1466,34.0
6372,34.0
1202,34.0
6419,34.0
5095,34.0
4752,34.0
3694,34.0
2813,34.0
6669,34.0
5789,34.0
8176,34.0
6991,34.0
4645,34.0
4689,34.0
366,34.0
7420,34.0
7800,34.0
2176,34.0
6284,34.0
5879,34.0
4902,34.0
2182,34.0
8031,34.0
6867,34.0
1501,34.0
3983,34.0
4201,34.0
7590,34.0
4455,33.0
6377,33.0
6202,33.0
2419,33.0
6106,33.0
7704,33.0
6164,33.0
6064,33.0
6161,33.0
7675,33.0
7225,33.0
1953,33.0
803,33.0
6861,33.0
3813,33.0
1808,33.0
5773,33.0
6806,33.0
4985,33.0
217,33.0
998,33.0
133,33.0
4549,33.0
4245,33.0
7973,33.0
5602,33.0
2103,33.0
258,33.0
4085,33.0
7035,33.0
4278,33.0
530,33.0
781,33.0
4065,33.0
2941,33.0
7759,32.0
7713,32.0
4867,32.0
2936,32.0
2701,32.0
7463,32.0
2648,32.0
7611,32.0
4591,32.0
7149,32.0
6446,32.0
1402,32.0
7578,32.0
7316,32.0
707,32.0
6560,32.0
2477,32.0
6855,32.0
2552,32.0
4555,32.0
6635,32.0
5189,32.0
4443,32.0
5209,32.0
6271,32.0
4818,32.0
5258,32.0
3666,32.0
2002,32.0
1994,32.0
3432,32.0
192,32.0
5880,32.0
3315,32.0
5466,32.0
5344,32.0
5347,32.0
2325,32.0
3439,32.0
2799,32.0
3731,32.0
4283,32.0
1790,32.0
3232,32.0
4083,32.0
3399,32.0
5744,32.0
8181,32.0
3088,32.0
8170,32.0
7801,32.0
3402,32.0
7777,32.0
4351,32.0
8066,32.0
5387,32.0
4893,31.0
3843,31.0
1387,31.0
7417,31.0
6499,31.0
7090,31.0
2207,31.0
6002,31.0
1833,31.0
5098,31.0
2912,31.0
387,31.0
5427,31.0
569,31.0
2269,31.0
3476,31.0
3957,31.0
1253,31.0
4718,31.0
5745,31.0
3978,31.0
1888,31.0
4231,31.0
775,31.0
181,31.0
7434,31.0
806,31.0
7681,31.0
7877,31.0
6327,31.0
861,31.0
6236,31.0
471,31.0
7651,31.0
6278,31.0
6080,31.0
6070,31.0
7312,31.0
598,30.0
7997,30.0
4968,30.0
1770,30.0
7615,30.0
4979,30.0
6697,30.0
7479,30.0
4990,30.0
4992,30.0
3126,30.0
1707,30.0
5835,30.0
3696,30.0
6654,30.0
1077,30.0
6880,30.0
4601,30.0
7344,30.0
614,30.0
6185,30.0
4701,30.0
4356,30.0
5675,30.0
369,30.0
1589,30.0
7387,30.0
7399,30.0
2845,30.0
2873,30.0
5025,30.0
3717,30.0
270,30.0
3342,30.0
4460,30.0
303,30.0
6428,30.0
7159,30.0
1303,30.0
311,30.0
6483,30.0
1821,30.0
3178,30.0
3465,29.0
3067,29.0
5577,29.0
5576,29.0
6509,29.0
603,29.0
501,29.0
2821,29.0
4313,29.0
3532,29.0
7604,29.0
3624,29.0
2512,29.0
2407,29.0
2866,29.0
7284,29.0
1756,29.0
6449,29.0
3664,29.0
1500,29.0
4337,29.0
4427,29.0
7983,29.0
1942,29.0
1240,29.0
3868,29.0
587,29.0
3379,29.0
7846,29.0
6780,29.0
5066,29.0
1139,29.0
5875,29.0
3407,29.0
3393,29.0
1977,29.0
7701,29.0
4401,29.0
7255,29.0
809,29.0
5215,29.0
3567,29.0
4685,28.0
686,28.0
7271,28.0
4699,28.0
2792,28.0
7157,28.0
905,28.0
7067,28.0
1470,28.0
643,28.0
6261,28.0
1641,28.0
6171,28.0
3128,28.0
6075,28.0
5403,28.0
5982,28.0
3179,28.0
1884,28.0
223,28.0
1932,28.0
8017,28.0
2031,28.0
8148,28.0
48,28.0
2099,28.0
2107,28.0
4096,28.0
7042,28.0
1564,28.0
4694,28.0
6941,28.0
464,28.0
2689,28.0
1420,28.0
6430,28.0
4602,28.0
7563,28.0
2926,28.0
1003,28.0
1185,28.0
4620,27.0
75,27.0
8098,27.0
142,27.0
393,27.0
2881,27.0
4583,27.0
419,27.0
4259,27.0
559,27.0
555,27.0
7587,27.0
3117,27.0
513,27.0
7334,27.0
1699,27.0
2833,27.0
5430,27.0
7063,27.0
7055,27.0
1310,27.0
2720,27.0
7043,27.0
2132,27.0
3891,27.0
1023,27.0
2449,27.0
1473,27.0
6349,27.0
3499,27.0
5030,27.0
5158,27.0
5146,27.0
5422,27.0
1746,27.0
808,27.0
5747,27.0
5743,27.0
5522,27.0
5807,27.0
5792,27.0
7187,27.0
2076,27.0
5683,27.0
7766,26.0
80,26.0
399,26.0
407,26.0
3064,26.0
4397,26.0
5876,26.0
3277,26.0
1429,26.0
5663,26.0
2480,26.0
6421,26.0
2117,26.0
5647,26.0
5115,26.0
1553,26.0
2357,26.0
1609,26.0
1637,26.0
1933,26.0
3685,26.0
1875,26.0
7937,26.0
3177,26.0
3687,26.0
4305,26.0
5571,26.0
8040,26.0
7896,26.0
296,26.0
5585,26.0
6103,26.0
2334,26.0
6109,26.0
6148,26.0
1947,26.0
2997,26.0
429,26.0
3992,26.0
3845,26.0
4646,26.0
4895,26.0
684,26.0
6902,26.0
1079,26.0
6864,26.0
904,26.0
891,26.0
4665,26.0
7339,26.0
790,26.0
3537,26.0
586,26.0
7272,26.0
3645,25.0
1332,25.0
3599,25.0
4392,25.0
3881,25.0
1517,25.0
5227,25.0
248,25.0
6917,25.0
1547,25.0
2401,25.0
4262,25.0
8169,25.0
1600,25.0
375,25.0
6018,25.0
6020,25.0
3164,25.0
5288,25.0
274,25.0
6045,25.0
5621,25.0
984,25.0
2727,25.0
4322,25.0
958,25.0
5340,25.0
19,25.0
4690,25.0
4400,25.0
1462,25.0
1351,25.0
2793,25.0
4684,25.0
4465,25.0
3265,25.0
7243,25.0
7486,25.0
2479,25.0
638,25.0
755,25.0
857,25.0
2169,25.0
6073,25.0
528,25.0
4964,25.0
3913,25.0
5873,25.0
2442,25.0
199,25.0
8128,24.0
3596,24.0
2719,24.0
2106,24.0
2256,24.0
5502,24.0
5385,24.0
2160,24.0
5752,24.0
3961,24.0
3319,24.0
7321,24.0
759,24.0
3758,24.0
131,24.0
7092,24.0
697,24.0
5655,24.0
1287,24.0
4588,24.0
1251,24.0
3466,24.0
5154,24.0
2490,24.0
4559,24.0
1190,24.0
3029,24.0
6216,24.0
520,24.0
4358,24.0
6524,24.0
7657,24.0
7571,24.0
7816,24.0
449,24.0
1290,24.0
3552,24.0
1114,24.0
865,23.0
6634,23.0
8032,23.0
6369,23.0
6390,23.0
3609,23.0
2167,23.0
4569,23.0
4418,23.0
2075,23.0
1385,23.0
2213,23.0
5703,23.0
2514,23.0
43,23.0
42,23.0
4483,23.0
5109,23.0
545,23.0
3479,23.0
7509,23.0
2854,23.0
6959,23.0
6331,23.0
7732,23.0
1726,23.0
976,23.0
336,23.0
1664,23.0
7460,23.0
7786,23.0
4047,23.0
6951,23.0
1863,23.0
388,23.0
6931,23.0
7089,23.0
7745,23.0
7751,23.0
7977,23.0
5916,23.0
1489,23.0
3751,23.0
2235,23.0
1941,23.0
2876,23.0
222,23.0
5210,23.0
3548,22.0
3392,22.0
3575,22.0
3899,22.0
3786,22.0
3710,22.0
3471,22.0
3455,22.0
3744,22.0
3748,22.0
3453,22.0
4106,22.0
1137,22.0
7625,22.0
1964,22.0
4951,22.0
4969,22.0
2568,22.0
1215,22.0
2533,22.0
1209,22.0
764,22.0
7283,22.0
791,22.0
6670,22.0
7185,22.0
6695,22.0
7110,22.0
5535,22.0
2206,22.0
7088,22.0
2175,22.0
5604,22.0
2146,22.0
2120,22.0
5669,22.0
6710,22.0
2092,22.0
1864,22.0
6942,22.0
2041,22.0
6104,22.0
4841,22.0
5815,22.0
1608,22.0
3271,22.0
3220,22.0
8156,22.0
8151,22.0
5834,22.0
4271,22.0
8106,22.0
3137,22.0
6532,22.0
4364,22.0
164,22.0
171,22.0
6295,22.0
4457,22.0
1539,22.0
3016,22.0
7923,22.0
6571,22.0
6217,22.0
7841,22.0
2954,22.0
2801,22.0
7793,22.0
5830,22.0
1257,22.0
7660,22.0
7652,22.0
2039,22.0
4088,21.0
3828,21.0
1263,21.0
6472,21.0
1238,21.0
7270,21.0
980,21.0
7710,21.0
62,21.0
3657,21.0
221,21.0
7980,21.0
7886,21.0
314,21.0
374,21.0
3719,21.0
959,21.0
7620,21.0
585,21.0
592,21.0
624,21.0
6448,21.0
7153,21.0
7030,21.0
1395,21.0
3886,21.0
1451,21.0
4758,21.0
5407,21.0
2289,21.0
5243,21.0
3991,21.0
4817,21.0
3997,21.0
4791,21.0
2776,21.0
5556,21.0
4515,21.0
3014,21.0
3017,21.0
4398,21.0
4335,21.0
3184,21.0
4244,21.0
5438,21.0
1876,21.0
1798,21.0
4112,21.0
6028,21.0
1735,21.0
1970,21.0
1601,21.0
5905,21.0
6219,21.0
6297,21.0
2049,21.0
6052,21.0
7838,20.0
4494,20.0
4543,20.0
3691,20.0
7834,20.0
7822,20.0
5707,20.0
7950,20.0
7806,20.0
4381,20.0
8072,20.0
4330,20.0
8125,20.0
4224,20.0
8164,20.0
4408,20.0
6012,20.0
3769,20.0
4772,20.0
5674,20.0
5818,20.0
5435,20.0
5419,20.0
7246,20.0
6904,20.0
6830,20.0
6823,20.0
5197,20.0
7309,20.0
7355,20.0
5187,20.0
6309,20.0
4943,20.0
7565,20.0
4880,20.0
6793,20.0
7650,20.0
5995,20.0
5045,20.0
8187,20.0
2429,20.0
2859,20.0
1687,20.0
174,20.0
2124,20.0
148,20.0
597,20.0
583,20.0
2240,20.0
3377,20.0
2280,20.0
3022,20.0
1508,20.0
2053,20.0
2527,20.0
3106,20.0
3430,20.0
3219,20.0
3337,20.0
1534,20.0
1026,20.0
1565,20.0
3600,20.0
1143,19.0
112,19.0
491,19.0
4934,19.0
2718,19.0
125,19.0
7612,19.0
1041,19.0
5024,19.0
2770,19.0
7122,19.0
8124,19.0
5155,19.0
7582,19.0
886,19.0
2433,19.0
6429,19.0
1,19.0
4757,19.0
3900,19.0
1186,19.0
6703,19.0
4117,19.0
4120,19.0
4202,19.0
7947,19.0
4318,19.0
3090,19.0
302,19.0
4439,19.0
6973,19.0
4503,19.0
6753,19.0
6533,19.0
6528,19.0
4577,19.0
372,19.0
386,19.0
4624,19.0
4671,19.0
4673,19.0
3778,19.0
945,19.0
4727,19.0
3441,19.0
2838,19.0
5013,19.0
5498,19.0
734,19.0
6016,19.0
658,19.0
7217,19.0
2073,19.0
7154,19.0
601,19.0
5409,19.0
1721,19.0
7520,19.0
2218,19.0
1065,19.0
2281,19.0
5851,19.0
5954,19.0
2126,19.0
5414,19.0
1897,19.0
6099,19.0
2156,18.0
2879,18.0
1036,18.0
656,18.0
3927,18.0
4695,18.0
6463,18.0
6199,18.0
4711,18.0
7037,18.0
5504,18.0
7432,18.0
7698,18.0
7381,18.0
5547,18.0
1323,18.0
6032,18.0
8014,18.0
5907,18.0
6919,18.0
4181,18.0
4045,18.0
2001,18.0
4039,18.0
5823,18.0
1825,18.0
4220,18.0
4239,18.0
5806,18.0
4268,18.0
6617,18.0
4412,18.0
6972,18.0
4448,18.0
6745,18.0
7335,18.0
4835,18.0
7829,18.0
6565,18.0
8034,18.0
2499,18.0
3856,18.0
7161,18.0
6287,18.0
5077,18.0
2330,18.0
7100,18.0
6237,18.0
5067,18.0
2388,18.0
2246,18.0
5363,18.0
7134,18.0
2275,18.0
6811,18.0
6321,18.0
7059,18.0
2620,18.0
5134,18.0
3516,18.0
457,18.0
3742,18.0
2507,18.0
3463,18.0
3874,18.0
895,18.0
5156,18.0
477,18.0
7557,18.0
5268,18.0
7902,17.0
7899,17.0
580,17.0
5392,17.0
7291,17.0
5750,17.0
3150,17.0
2231,17.0
7935,17.0
6258,17.0
2309,17.0
5738,17.0
1572,17.0
226,17.0
1620,17.0
7992,17.0
4128,17.0
7146,17.0
5297,17.0
6700,17.0
1903,17.0
2365,17.0
4092,17.0
2323,17.0
3005,17.0
4440,17.0
482,17.0
6147,17.0
2850,17.0
5568,17.0
1454,17.0
859,17.0
4957,17.0
4733,17.0
7844,17.0
7735,17.0
6444,17.0
1442,17.0
6132,17.0
7442,17.0
6442,17.0
2852,17.0
5001,17.0
2170,17.0
7768,17.0
5019,17.0
7385,17.0
6330,17.0
7787,17.0
5660,17.0
954,17.0
5687,17.0
4529,17.0
4509,17.0
6167,17.0
318,17.0
3009,17.0
7329,17.0
6197,17.0
5931,17.0
3363,17.0
36,17.0
1028,17.0
8171,17.0
3627,17.0
8085,17.0
4042,17.0
8039,17.0
6772,17.0
3762,17.0
6914,17.0
3491,17.0
6819,17.0
3443,17.0
3938,17.0
3790,17.0
3510,17.0
3388,16.0
892,16.0
3352,16.0
4357,16.0
4368,16.0
4385,16.0
1283,16.0
5194,16.0
5603,16.0
257,16.0
5012,16.0
6895,16.0
4831,16.0
2096,16.0
4237,16.0
5672,16.0
5008,16.0
661,16.0
3594,16.0
2732,16.0
14,16.0
3346,16.0
3679,16.0
3709,16.0
7638,16.0
7715,16.0
2556,16.0
4769,16.0
2795,16.0
5216,16.0
4592,16.0
1523,16.0
5121,16.0
6277,16.0
2377,16.0
5119,16.0
3396,16.0
2444,16.0
6996,16.0
2975,16.0
6825,16.0
4518,16.0
4504,16.0
6784,16.0
5366,16.0
7830,16.0
3526,16.0
4487,16.0
1435,16.0
1398,16.0
3373,16.0
4461,16.0
6583,16.0
1506,16.0
3722,16.0
2716,16.0
7105,16.0
5693,16.0
2733,16.0
5213,16.0
7251,16.0
4960,16.0
4174,16.0
6923,16.0
208,16.0
1822,16.0
8000,16.0
5825,16.0
5841,16.0
5859,16.0
4966,16.0
4052,16.0
4678,16.0
444,16.0
5741,16.0
5810,16.0
4915,16.0
3665,16.0
4089,16.0
5,16.0
824,15.0
7096,15.0
6246,15.0
100,15.0
3995,15.0
2258,15.0
3996,15.0
478,15.0
2251,15.0
1440,15.0
5464,15.0
3259,15.0
521,15.0
373,15.0
869,15.0
72,15.0
2907,15.0
552,15.0
3793,15.0
6273,15.0
6839,15.0
3305,15.0
6966,15.0
7431,15.0
3054,15.0
5426,15.0
785,15.0
7250,15.0
516,15.0
5281,15.0
3932,15.0
2485,15.0
6705,15.0
7559,15.0
4103,15.0
4907,15.0
3517,15.0
162,15.0
3756,15.0
353,15.0
6194,15.0
1599,15.0
5116,15.0
1622,15.0
5957,15.0
955,15.0
3972,15.0
640,15.0
793,15.0
7831,15.0
5107,15.0
2392,15.0
5093,15.0
2408,15.0
325,15.0
3344,15.0
5049,15.0
6804,15.0
79,15.0
2454,15.0
6102,15.0
244,15.0
3490,15.0
4972,15.0
1004,15.0
7094,15.0
4021,15.0
1422,15.0
2706,15.0
7044,15.0
2133,15.0
4804,15.0
3151,15.0
2147,15.0
4811,15.0
2159,15.0
6072,15.0
4868,15.0
6648,15.0
4352,15.0
3092,15.0
3620,15.0
3332,15.0
7632,15.0
2901,15.0
3085,15.0
7410,15.0
5681,15.0
4298,14.0
1374,14.0
3157,14.0
1359,14.0
5326,14.0
7016,14.0
5113,14.0
1626,14.0
8139,14.0
7268,14.0
2814,14.0
2460,14.0
6182,14.0
1786,14.0
2819,14.0
2681,14.0
2841,14.0
6417,14.0
4031,14.0
6998,14.0
7561,14.0
6643,14.0
8105,14.0
7513,14.0
7579,14.0
6029,14.0
3796,14.0
3187,14.0
5736,14.0
5639,14.0
4606,14.0
1439,14.0
7315,14.0
3907,14.0
6807,14.0
7601,14.0
4339,14.0
773,14.0
7279,14.0
8112,14.0
2044,14.0
8057,14.0
5550,14.0
3867,14.0
5064,14.0
6775,14.0
5778,14.0
4429,14.0
4354,14.0
7712,14.0
5471,14.0
3358,14.0
153,14.0
623,14.0
628,14.0
5514,14.0
5515,14.0
1728,14.0
7158,14.0
1853,14.0
3492,14.0
8015,14.0
156,14.0
798,14.0
4189,14.0
2321,14.0
5379,14.0
5799,14.0
1962,14.0
2301,14.0
463,14.0
4055,14.0
7040,14.0
956,14.0
2535,14.0
3000,14.0
2184,14.0
853,14.0
3148,14.0
1030,14.0
150,14.0
5141,13.0
8082,13.0
4778,13.0
4710,13.0
4843,13.0
4914,13.0
7663,13.0
4948,13.0
6359,13.0
2695,13.0
6414,13.0
4875,13.0
4975,13.0
2613,13.0
4833,13.0
422,13.0
1412,13.0
2576,13.0
1409,13.0
6329,13.0
2572,13.0
2567,13.0
6328,13.0
4759,13.0
7738,13.0
400,13.0
3307,13.0
6471,13.0
4433,13.0
3191,13.0
4247,13.0
3181,13.0
2153,13.0
2190,13.0
5554,13.0
4348,13.0
2216,13.0
1281,13.0
642,13.0
608,13.0
6604,13.0
6140,13.0
1103,13.0
4425,13.0
7223,13.0
2084,13.0
999,13.0
848,13.0
5934,13.0
1900,13.0
5921,13.0
3291,13.0
1183,13.0
5948,13.0
2010,13.0
4199,13.0
6928,13.0
6675,13.0
1812,13.0
7306,13.0
2069,13.0
7976,13.0
7872,13.0
5560,13.0
6827,13.0
2457,13.0
6205,13.0
1157,13.0
5342,13.0
7555,13.0
3945,13.0
2943,13.0
1344,13.0
2286,13.0
7570,13.0
1295,13.0
7847,13.0
2259,13.0
526,13.0
519,13.0
1088,12.0
7325,12.0
3661,12.0
5730,12.0
6889,12.0
5293,12.0
897,12.0
5292,12.0
2056,12.0
2618,12.0
3656,12.0
5970,12.0
5753,12.0
1129,12.0
4962,12.0
3501,12.0
3604,12.0
2448,12.0
1828,12.0
6860,12.0
5201,12.0
468,12.0
3873,12.0
7070,12.0
518,12.0
1779,12.0
7354,12.0
3531,12.0
7152,12.0
2291,12.0
7633,12.0
6107,12.0
7181,12.0
1716,12.0
5416,12.0
5564,12.0
3702,12.0
1679,12.0
5434,12.0
5079,12.0
3842,12.0
596,12.0
2498,12.0
6849,12.0
2598,12.0
5629,12.0
3477,12.0
1058,12.0
2110,12.0
7541,12.0
7376,12.0
575,12.0
7214,12.0
2179,12.0
3750,12.0
5016,12.0
2165,12.0
3682,12.0
1734,12.0
1133,12.0
7671,12.0
2582,12.0
3994,12.0
6915,12.0
6755,12.0
2970,12.0
3199,12.0
3214,12.0
6504,12.0
379,12.0
3940,12.0
6723,12.0
4204,12.0
2861,12.0
4707,12.0
2788,12.0
4754,12.0
8087,12.0
938,12.0
4119,12.0
1411,12.0
3966,12.0
4240,12.0
330,12.0
3119,12.0
1176,12.0
289,12.0
4393,12.0
3053,12.0
3052,12.0
7914,12.0
4350,12.0
1265,12.0
1242,12.0
6594,12.0
3135,12.0
7925,12.0
6746,12.0
3176,12.0
4489,12.0
4499,12.0
3323,12.0
3087,12.0
6787,12.0
4087,12.0
4918,12.0
4891,12.0
118,12.0
3273,11.0
8134,11.0
7560,11.0
6510,11.0
7351,11.0
1467,11.0
6523,11.0
2085,11.0
6646,11.0
2094,11.0
689,11.0
2946,11.0
2366,11.0
6056,11.0
5299,11.0
1617,11.0
2973,11.0
7359,11.0
6761,11.0
3279,11.0
823,11.0
2918,11.0
532,11.0
398,11.0
6474,11.0
4198,11.0
7135,11.0
2916,11.0
5727,11.0
6240,11.0
3308,11.0
546,11.0
4858,11.0
7233,11.0
4209,11.0
3511,11.0
2428,11.0
6030,11.0
4541,11.0
1301,11.0
6066,11.0
2234,11.0
1285,11.0
3142,11.0
4434,11.0
7237,11.0
6628,11.0
6378,11.0
7241,11.0
165,11.0
4302,11.0
299,11.0
115,11.0
7239,11.0
7419,11.0
7898,11.0
7415,11.0
5530,11.0
2185,11.0
3724,11.0
6990,11.0
4495,11.0
2710,11.0
4511,11.0
1299,11.0
3525,11.0
914,11.0
5370,11.0
3975,11.0
66,11.0
5610,11.0
6714,11.0
2125,11.0
4484,11.0
7943,11.0
323,11.0
61,11.0
7087,11.0
4196,11.0
3777,11.0
2004,11.0
8002,11.0
5866,11.0
6460,11.0
756,11.0
3326,11.0
5827,11.0
2816,11.0
3625,11.0
2746,11.0
3250,11.0
5812,11.0
7259,11.0
4182,11.0
7258,11.0
5840,11.0
3260,11.0
4729,11.0
3840,11.0
8186,11.0
7606,11.0
5074,11.0
5076,11.0
7113,11.0
3333,11.0
1400,11.0
5017,11.0
3508,11.0
1005,11.0
2493,11.0
2857,11.0
2494,11.0
3889,11.0
8142,10.0
4481,10.0
1950,10.0
6125,10.0
3726,10.0
5415,10.0
5421,10.0
4977,10.0
2773,10.0
7893,10.0
3740,10.0
4813,10.0
4297,10.0
424,10.0
3698,10.0
6343,10.0
6791,10.0
576,10.0
7736,10.0
7694,10.0
4745,10.0
3186,10.0
1040,10.0
7103,10.0
4417,10.0
7931,10.0
2611,10.0
7880,10.0
8160,10.0
4899,10.0
5974,10.0
5489,10.0
7446,10.0
3123,10.0
868,10.0
3638,10.0
1937,10.0
6425,10.0
3707,10.0
3693,10.0
4803,10.0
8150,10.0
2257,10.0
985,10.0
297,10.0
6590,10.0
657,10.0
2230,10.0
8154,10.0
4319,10.0
3149,10.0
3484,10.0
4024,10.0
4786,10.0
705,10.0
2337,10.0
2712,10.0
8027,10.0
3256,10.0
8185,10.0
3222,10.0
5729,10.0
1377,10.0
1057,10.0
3410,10.0
2441,10.0
2440,10.0
4574,10.0
6023,10.0
5106,10.0
6677,10.0
1267,10.0
7689,10.0
6653,10.0
7125,10.0
1817,10.0
7330,10.0
5250,10.0
2424,10.0
1235,10.0
553,10.0
7963,10.0
6004,10.0
4173,10.0
1795,10.0
3673,10.0
1380,10.0
2864,10.0
6821,10.0
6813,10.0
7137,10.0
7121,10.0
2355,10.0
2119,10.0
6852,10.0
2870,10.0
4649,10.0
4546,10.0
1511,10.0
4527,10.0
2863,10.0
5307,10.0
5917,10.0
6795,10.0
2007,10.0
1806,9.0
2192,9.0
6730,9.0
5965,9.0
2034,9.0
1089,9.0
844,9.0
6026,9.0
6955,9.0
730,9.0
6668,9.0
4222,9.0
5555,9.0
6851,9.0
1230,9.0
2118,9.0
4138,9.0
6909,9.0
4081,9.0
6690,9.0
5635,9.0
766,9.0
3678,9.0
1243,9.0
7358,9.0
5623,9.0
3650,9.0
6632,9.0
7342,9.0
2011,9.0
175,9.0
6079,9.0
3200,9.0
849,9.0
1885,9.0
3667,9.0
1794,9.0
2121,9.0
6011,9.0
2021,9.0
4215,9.0
5852,9.0
227,9.0
1405,9.0
5065,9.0
3458,9.0
3495,9.0
1618,9.0
4731,9.0
6776,9.0
5335,9.0
345,9.0
4743,9.0
3905,9.0
535,9.0
1297,9.0
3743,9.0
6441,9.0
2738,9.0
833,9.0
582,9.0
2368,9.0
3908,9.0
4705,9.0
7756,9.0
7177,9.0
2899,9.0
4641,9.0
3404,9.0
1558,9.0
2496,9.0
3920,9.0
4704,9.0
8131,9.0
1602,9.0
6511,9.0
5136,9.0
3824,9.0
2516,9.0
2575,9.0
1378,9.0
1680,9.0
2629,9.0
4874,9.0
4877,9.0
4897,9.0
2690,9.0
7476,9.0
4011,9.0
4846,9.0
874,9.0
7684,9.0
3711,9.0
1428,9.0
917,8.0
5124,8.0
2698,8.0
1200,8.0
5794,8.0
8182,8.0
3621,8.0
5139,8.0
2693,8.0
2033,8.0
6450,8.0
408,8.0
3871,8.0
134,8.0
3815,8.0
740,8.0
451,8.0
7978,8.0
7678,8.0
927,8.0
2473,8.0
4967,8.0
1188,8.0
2703,8.0
7616,8.0
5031,8.0
4124,8.0
4084,8.0
3264,8.0
5857,8.0
4809,8.0
7639,8.0
3894,8.0
1840,8.0
1872,8.0
127,8.0
3904,8.0
5836,8.0
6694,8.0
1967,8.0
1504,8.0
487,8.0
6716,8.0
2543,8.0
1131,8.0
3643,8.0
2715,8.0
1880,8.0
177,8.0
5824,8.0
7224,8.0
1391,8.0
418,8.0
5731,8.0
6398,8.0
5319,8.0
1731,8.0
5310,8.0
2345,8.0
676,8.0
6540,8.0
1743,8.0
7952,8.0
6638,8.0
3389,8.0
6989,8.0
1689,8.0
7457,8.0
577,8.0
4321,8.0
313,8.0
2274,8.0
5439,8.0
3021,8.0
7470,8.0
3165,8.0
6630,8.0
4470,8.0
6977,8.0
5605,8.0
595,8.0
245,8.0
7210,8.0
6399,8.0
7402,8.0
7208,8.0
3136,8.0
3597,8.0
3768,8.0
1080,8.0
3362,8.0
7331,8.0
2427,8.0
1233,8.0
7164,8.0
6874,8.0
4419,8.0
6599,8.0
8065,8.0
3578,8.0
2393,8.0
7567,8.0
2384,8.0
7554,8.0
1284,8.0
1330,8.0
3209,8.0
7140,8.0
4041,8.0
6906,8.0
1175,8.0
692,8.0
4568,8.0
5539,8.0
1231,8.0
4608,8.0
6162,7.0
6701,7.0
6415,7.0
1125,7.0
1145,7.0
1124,7.0
5944,7.0
6084,7.0
6478,7.0
6178,7.0
6078,7.0
1741,7.0
6481,7.0
7013,7.0
6501,7.0
1567,7.0
1811,7.0
6464,7.0
1579,7.0
1598,7.0
6676,7.0
7145,7.0
6997,7.0
6645,7.0
1521,7.0
1512,7.0
1628,7.0
7150,7.0
6752,7.0
6854,7.0
987,7.0
6570,7.0
6826,7.0
1844,7.0
1678,7.0
1703,7.0
5225,7.0
3810,7.0
606,7.0
2233,7.0
111,7.0
4175,7.0
7647,7.0
2239,7.0
4185,7.0
4956,7.0
619,7.0
602,7.0
4961,7.0
2616,7.0
4971,7.0
8153,7.0
7643,7.0
5481,7.0
7994,7.0
4447,7.0
2674,7.0
3033,7.0
830,7.0
3847,7.0
8021,7.0
462,7.0
4922,7.0
2517,7.0
5505,7.0
4141,7.0
3754,7.0
2209,7.0
5537,7.0
4431,7.0
3753,7.0
2310,7.0
5006,7.0
5026,7.0
283,7.0
3196,7.0
242,7.0
3107,7.0
3565,7.0
547,7.0
3190,7.0
2445,7.0
5345,7.0
5200,7.0
3185,7.0
5195,7.0
5120,7.0
3173,7.0
5148,7.0
2546,7.0
288,7.0
514,7.0
3208,7.0
504,7.0
5055,7.0
4221,7.0
7550,7.0
4213,7.0
3538,7.0
7623,7.0
5314,7.0
3581,7.0
5322,7.0
565,7.0
3217,7.0
7542,7.0
35,7.0
4134,7.0
4098,7.0
5696,7.0
4691,7.0
4663,7.0
7308,7.0
4850,7.0
3370,7.0
5791,7.0
2020,7.0
4647,7.0
86,7.0
8064,7.0
7765,7.0
390,7.0
5842,7.0
7771,7.0
7276,7.0
92,7.0
3939,7.0
7776,7.0
1980,7.0
3397,7.0
3641,7.0
4520,7.0
2931,7.0
5887,7.0
349,7.0
799,7.0
2952,7.0
355,7.0
2960,7.0
5710,7.0
2989,7.0
4732,7.0
4015,7.0
5673,7.0
4806,7.0
2129,7.0
8044,7.0
2811,7.0
3338,7.0
439,7.0
5691,7.0
5651,7.0
4776,7.0
4476,7.0
4847,7.0
3802,7.0
4798,6.0
4796,6.0
3550,6.0
5089,6.0
4413,6.0
4805,6.0
376,6.0
3011,6.0
4916,6.0
4580,6.0
2957,6.0
8132,6.0
6282,6.0
6627,6.0
3132,6.0
1333,6.0
4551,6.0
4607,6.0
6391,6.0
1126,6.0
1364,6.0
907,6.0
7832,6.0
4510,6.0
6348,6.0
3834,6.0
4984,6.0
2797,6.0
4424,6.0
7890,6.0
7027,6.0
3066,6.0
1488,6.0
6573,6.0
6479,6.0
2639,6.0
8110,6.0
6596,6.0
2660,6.0
1495,6.0
247,6.0
2387,6.0
4287,6.0
7409,6.0
2079,6.0
8056,6.0
8045,6.0
5682,6.0
1771,6.0
1761,6.0
3659,6.0
2109,6.0
4059,6.0
668,6.0
665,6.0
6076,6.0
3680,6.0
3290,6.0
2166,6.0
6263,6.0
7404,6.0
4110,6.0
3269,6.0
2046,6.0
3369,6.0
5774,6.0
5889,6.0
1886,6.0
5922,6.0
6790,6.0
1907,6.0
1146,6.0
1918,6.0
807,6.0
8075,6.0
5959,6.0
3387,6.0
1972,6.0
3937,6.0
5856,6.0
5855,6.0
6757,6.0
3963,6.0
3869,6.0
5816,6.0
866,6.0
4099,6.0
6117,6.0
1647,6.0
4205,6.0
5444,6.0
2416,6.0
1098,6.0
5423,6.0
4187,6.0
7507,6.0
1580,6.0
6947,6.0
1194,6.0
2378,6.0
1610,6.0
7549,6.0
2329,6.0
5455,6.0
604,6.0
1199,6.0
6154,6.0
7945,6.0
4270,6.0
3247,6.0
2459,6.0
541,6.0
3241,6.0
5336,6.0
1566,6.0
2425,6.0
1569,6.0
5248,6.0
6994,5.0
136,5.0
7813,5.0
3194,5.0
4341,5.0
4376,5.0
3974,5.0
3413,5.0
2998,5.0
974,5.0
1174,5.0
3474,5.0
3267,5.0
6970,5.0
8022,5.0
1027,5.0
4165,5.0
4172,5.0
6587,5.0
3302,5.0
3480,5.0
305,5.0
4061,5.0
6580,5.0
3042,5.0
6574,5.0
238,5.0
1179,5.0
3002,5.0
6664,5.0
3999,5.0
4488,5.0
5929,5.0
2627,5.0
4553,5.0
1701,5.0
7200,5.0
5572,5.0
6097,5.0
3587,5.0
2187,5.0
5563,5.0
5561,5.0
5558,5.0
2205,5.0
39,5.0
5528,5.0
635,5.0
7397,5.0
1694,5.0
7170,5.0
6143,5.0
5473,5.0
5470,5.0
5468,5.0
7448,5.0
581,5.0
7504,5.0
2328,5.0
4572,5.0
2171,5.0
2158,5.0
3570,5.0
5819,5.0
5912,5.0
1882,5.0
5956,5.0
1961,5.0
1869,5.0
5865,5.0
1852,5.0
850,5.0
5997,5.0
2003,5.0
8180,5.0
2012,5.0
2142,5.0
6857,5.0
3658,5.0
2036,5.0
6024,5.0
2071,5.0
5690,5.0
2089,5.0
1777,5.0
1775,5.0
851,5.0
7219,5.0
6193,5.0
6183,5.0
2662,5.0
7746,5.0
2381,5.0
7664,5.0
7676,5.0
2694,5.0
2697,5.0
4827,5.0
441,5.0
4794,5.0
436,5.0
2775,5.0
4742,5.0
2822,5.0
2635,5.0
6461,5.0
7747,5.0
6469,5.0
4683,5.0
4680,5.0
4658,5.0
7773,5.0
7774,5.0
7000,5.0
1349,5.0
4578,5.0
7659,5.0
3895,5.0
6363,5.0
2532,5.0
5265,5.0
1576,5.0
2421,5.0
7139,5.0
2436,5.0
2453,5.0
7584,5.0
5163,5.0
7592,5.0
5135,5.0
7605,5.0
5123,5.0
5105,5.0
5103,5.0
6292,5.0
2548,5.0
2549,5.0
492,5.0
7637,5.0
1485,5.0
8097,4.0
6875,4.0
78,4.0
8175,4.0
8099,4.0
90,4.0
106,4.0
50,4.0
7045,4.0
122,4.0
497,4.0
7607,4.0
561,4.0
879,4.0
562,4.0
875,4.0
7481,4.0
7413,4.0
7407,4.0
7188,4.0
7199,4.0
659,4.0
7216,4.0
7218,4.0
7293,4.0
749,4.0
760,4.0
792,4.0
7118,4.0
7082,4.0
1039,4.0
7670,4.0
8086,4.0
8060,4.0
203,4.0
6930,4.0
7981,4.0
241,4.0
304,4.0
317,4.0
6979,4.0
337,4.0
351,4.0
7792,4.0
7022,4.0
7706,4.0
442,4.0
443,4.0
926,4.0
1072,4.0
1951,4.0
5348,4.0
6255,4.0
1527,4.0
1515,4.0
6290,4.0
6311,4.0
2676,4.0
1475,4.0
4909,4.0
6357,4.0
2692,4.0
4819,4.0
5833,4.0
4749,4.0
2827,4.0
2843,4.0
2844,4.0
4635,4.0
2984,4.0
4535,4.0
4534,4.0
6453,4.0
2990,4.0
4467,4.0
1352,4.0
1335,4.0
3038,4.0
6530,4.0
3049,4.0
2655,4.0
5022,4.0
3086,4.0
5037,4.0
1995,4.0
1949,4.0
1940,4.0
5920,4.0
5684,4.0
5671,4.0
5930,4.0
1894,4.0
5649,4.0
5992,4.0
6003,4.0
1768,4.0
1749,4.0
5467,4.0
5456,4.0
6083,4.0
2339,4.0
6138,4.0
5279,4.0
5234,4.0
5232,4.0
5226,4.0
2467,4.0
2555,4.0
2558,4.0
6210,4.0
2565,4.0
3075,4.0
2730,4.0
3102,4.0
3240,4.0
4168,4.0
4147,4.0
4111,4.0
4107,4.0
6673,4.0
4086,4.0
4030,4.0
6687,4.0
3965,4.0
3942,4.0
3882,4.0
3462,4.0
3478,4.0
3486,4.0
3807,4.0
3521,4.0
3586,4.0
1091,4.0
3648,4.0
6629,4.0
1996,4.0
3153,4.0
3115,4.0
4186,4.0
4236,4.0
4184,4.0
3180,4.0
5509,3.0
5501,3.0
3147,3.0
3725,3.0
7443,3.0
625,3.0
3773,3.0
2222,3.0
3144,3.0
5465,3.0
5488,3.0
214,3.0
2203,3.0
5448,3.0
2262,3.0
5428,3.0
5424,3.0
5383,3.0
7510,3.0
7512,3.0
7515,3.0
4432,3.0
7524,3.0
7532,3.0
7538,3.0
8145,3.0
5637,3.0
7383,3.0
2363,3.0
7892,3.0
7289,3.0
741,3.0
5776,3.0
2072,3.0
5725,3.0
3651,3.0
3114,3.0
709,3.0
5723,3.0
5720,3.0
7333,3.0
5708,3.0
702,3.0
2080,3.0
7350,3.0
3607,3.0
3681,3.0
5679,3.0
4411,3.0
3585,3.0
3558,3.0
5665,3.0
5659,3.0
52,3.0
3024,3.0
2382,3.0
3885,3.0
358,3.0
4933,3.0
2985,3.0
4925,3.0
4091,3.0
338,3.0
4108,3.0
2686,3.0
4114,3.0
4863,3.0
200,3.0
2721,3.0
7695,3.0
4121,3.0
4795,3.0
2739,3.0
2779,3.0
7743,3.0
4155,3.0
350,3.0
4659,3.0
2898,3.0
4537,3.0
2917,3.0
360,3.0
2964,3.0
4936,3.0
332,3.0
2670,3.0
3063,3.0
5276,3.0
3460,3.0
3909,3.0
3426,3.0
5212,3.0
3417,3.0
7581,3.0
2487,3.0
2526,3.0
517,3.0
3023,3.0
3395,3.0
160,3.0
7629,3.0
3984,3.0
8054,3.0
155,3.0
2583,3.0
7642,3.0
2994,3.0
2603,3.0
2645,3.0
4261,3.0
157,3.0
5068,3.0
3632,3.0
7084,3.0
1653,3.0
1733,3.0
6538,3.0
6095,3.0
7015,3.0
1445,3.0
1008,3.0
932,3.0
6346,3.0
1479,3.0
6832,3.0
1499,3.0
6818,3.0
1187,3.0
6088,3.0
854,3.0
6087,3.0
6685,3.0
5977,3.0
6785,3.0
7133,3.0
7041,3.0
1560,3.0
7215,3.0
1142,3.0
6436,3.0
1842,3.0
6046,3.0
884,3.0
962,3.0
1403,3.0
6720,3.0
5900,3.0
1693,3.0
6593,3.0
1725,3.0
1433,3.0
1702,3.0
6608,3.0
1966,3.0
5861,3.0
6871,3.0
6954,3.0
930,3.0
6144,3.0
7162,3.0
6869,3.0
6139,3.0
873,3.0
1289,3.0
818,3.0
1724,3.0
6945,3.0
6913,3.0
1911,3.0
867,3.0
7069,3.0
6209,2.0
4013,2.0
5091,2.0
8055,2.0
7148,2.0
7585,2.0
7155,2.0
144,2.0
6150,2.0
5221,2.0
2559,2.0
1193,2.0
326,2.0
2541,2.0
5177,2.0
6704,2.0
2539,2.0
1180,2.0
4016,2.0
5111,2.0
5263,2.0
3998,2.0
2476,2.0
6480,2.0
1670,2.0
4519,2.0
2483,2.0
946,2.0
7573,2.0
486,2.0
3350,2.0
4812,2.0
4799,2.0
359,2.0
1217,2.0
5820,2.0
2751,2.0
4756,2.0
7724,2.0
2777,2.0
7071,2.0
3239,2.0
2787,2.0
2805,2.0
4708,2.0
925,2.0
4129,2.0
2848,2.0
977,2.0
2944,2.0
2919,2.0
2939,2.0
4609,2.0
178,2.0
7795,2.0
2564,2.0
4837,2.0
1604,2.0
4051,2.0
3234,2.0
6247,2.0
6926,2.0
2596,2.0
4193,2.0
5289,2.0
4074,2.0
170,2.0
472,2.0
2652,2.0
1012,2.0
4547,2.0
6296,2.0
4100,2.0
6324,2.0
4104,2.0
7799,2.0
3274,2.0
1448,2.0
6141,2.0
4485,2.0
6607,2.0
7357,2.0
5936,2.0
675,2.0
4299,2.0
3705,2.0
7372,2.0
4275,2.0
5648,2.0
6843,2.0
1329,2.0
840,2.0
5958,2.0
5618,2.0
7388,2.0
7389,2.0
7393,2.0
5600,2.0
5594,2.0
5591,2.0
2174,2.0
5575,2.0
6595,2.0
5540,2.0
5313,2.0
6879,2.0
5677,2.0
8133,2.0
7242,2.0
2023,2.0
5848,2.0
747,2.0
2027,2.0
2028,2.0
746,2.0
2052,2.0
4327,2.0
6556,2.0
5877,2.0
7317,2.0
3602,2.0
3677,2.0
5719,2.0
6878,2.0
5713,2.0
703,2.0
25,2.0
1901,2.0
28,2.0
3593,2.0
7248,2.0
5925,2.0
7949,2.0
6808,2.0
3771,2.0
5388,2.0
3019,2.0
2217,2.0
591,2.0
3475,2.0
7195,2.0
2295,2.0
2296,2.0
3870,2.0
7954,2.0
5364,2.0
7012,2.0
1082,2.0
2992,2.0
6114,2.0
7535,2.0
568,2.0
7539,2.0
4238,2.0
3906,2.0
2350,2.0
6783,2.0
7196,2.0
2925,2.0
3512,2.0
3794,2.0
947,2.0
7424,2.0
629,2.0
6797,2.0
6063,2.0
3816,2.0
2229,2.0
1753,2.0
7226,2.0
5516,2.0
7859,2.0
8120,2.0
7452,2.0
7857,2.0
1738,2.0
7848,2.0
5503,2.0
266,1.0
4264,1.0
7966,1.0
246,1.0
6622,1.0
7957,1.0
3233,1.0
4241,1.0
240,1.0
4190,1.0
4310,1.0
969,1.0
7956,1.0
769,1.0
213,1.0
7986,1.0
6768,1.0
6773,1.0
3861,1.0
3848,1.0
8108,1.0
3839,1.0
3836,1.0
3832,1.0
3817,1.0
3799,1.0
3515,1.0
3745,1.0
3733,1.0
1062,1.0
3569,1.0
1067,1.0
3701,1.0
3588,1.0
34,1.0
8165,1.0
3605,1.0
4,1.0
6845,1.0
3,1.0
3652,1.0
3883,1.0
3461,1.0
6905,1.0
3312,1.0
1249,1.0
1241,1.0
989,1.0
6656,1.0
185,1.0
6940,1.0
1201,1.0
8023,1.0
176,1.0
8030,1.0
3309,1.0
1018,1.0
1152,1.0
6924,1.0
1019,1.0
3967,1.0
6718,1.0
3952,1.0
281,1.0
3421,1.0
8081,1.0
8083,1.0
1162,1.0
3445,1.0
273,1.0
2747,1.0
1291,1.0
5449,1.0
579,1.0
2271,1.0
2267,1.0
5431,1.0
2266,1.0
5443,1.0
2255,1.0
7497,1.0
2254,1.0
7453,1.0
7449,1.0
1742,1.0
2237,1.0
5490,1.0
7496,1.0
5372,1.0
1296,1.0
2412,1.0
5164,1.0
6155,1.0
2458,1.0
2434,1.0
5224,1.0
6146,1.0
5271,1.0
5349,1.0
7558,1.0
5300,1.0
5328,1.0
2340,1.0
7529,1.0
570,1.0
622,1.0
6060,1.0
5511,1.0
1922,1.0
7346,1.0
701,1.0
5919,1.0
1902,1.0
5715,1.0
708,1.0
723,1.0
7425,1.0
3636,1.0
2070,1.0
7311,1.0
5772,1.0
7300,1.0
2025,1.0
700,1.0
5692,1.0
5927,1.0
5662,1.0
669,1.0
837,1.0
5945,1.0
5640,1.0
660,1.0
2136,1.0
7392,1.0
5569,1.0
5538,1.0
652,1.0
649,1.0
5533,1.0
5525,1.0
523,1.0
5161,1.0
2489,1.0
935,1.0
2991,1.0
4506,1.0
7023,1.0
7820,1.0
6475,1.0
6426,1.0
1421,1.0
2908,1.0
4566,1.0
6407,1.0
2955,1.0
385,1.0
2923,1.0
2922,1.0
6485,1.0
4477,1.0
3007,1.0
6491,1.0
3032,1.0
4430,1.0
3037,1.0
6527,1.0
4410,1.0
949,1.0
293,1.0
3062,1.0
6543,1.0
3072,1.0
1316,1.0
1300,1.0
286,1.0
928,1.0
6403,1.0
5137,1.0
6235,1.0
2643,1.0
2632,1.0
4955,1.0
2597,1.0
1562,1.0
2574,1.0
7630,1.0
7061,1.0
493,1.0
2562,1.0
496,1.0
2560,1.0
6204,1.0
1643,1.0
887,1.0
1528,1.0
1510,1.0
4928,1.0
4919,1.0
453,1.0
1471,1.0
1446,1.0
920,1.0
7083,1.0
4802,1.0
6381,1.0
7075,1.0
430,1.0
6388,1.0
4744,1.0
6394,1.0
1073,1.0
0,
7,
8,
9,
11,
12,
13,
15,
17,
20,
21,
22,
23,
24,
26,
27,
29,
30,
31,
32,
33,
37,
38,
40,
41,
44,
45,
46,
47,
49,
51,
53,
55,
56,
57,
58,
59,
60,
63,
64,
65,
67,
68,
69,
70,
73,
74,
76,
77,
81,
82,
83,
84,
85,
88,
91,
93,
94,
96,
97,
98,
101,
102,
103,
104,
105,
107,
108,
109,
110,
113,
114,
116,
117,
119,
120,
121,
123,
126,
128,
130,
132,
135,
137,
139,
147,
149,
151,
152,
154,
158,
159,
161,
166,
167,
168,
169,
172,
173,
179,
180,
182,
183,
184,
186,
188,
189,
190,
191,
193,
194,
196,
197,
198,
201,
205,
206,
207,
210,
211,
215,
218,
219,
220,
224,
225,
228,
229,
230,
232,
233,
234,
235,
239,
243,
249,
250,
251,
253,
254,
255,
259,
260,
261,
262,
263,
264,
265,
268,
269,
271,
272,
275,
277,
278,
279,
280,
282,
284,
287,
290,
291,
292,
294,
295,
298,
300,
301,
306,
307,
309,
310,
312,
315,
316,
319,
320,
322,
324,
327,
328,
331,
333,
334,
335,
340,
343,
344,
346,
347,
348,
352,
354,
357,
361,
362,
363,
364,
365,
367,
368,
370,
371,
377,
378,
380,
381,
382,
389,
391,
392,
394,
395,
396,
397,
401,
402,
403,
405,
406,
410,
411,
412,
413,
414,
417,
421,
423,
426,
427,
431,
435,
437,
438,
445,
446,
447,
448,
450,
452,
454,
456,
459,
460,
465,
466,
467,
469,
470,
473,
474,
475,
476,
480,
481,
483,
484,
485,
488,
489,
490,
494,
495,
498,
499,
500,
502,
503,
505,
506,
508,
509,
511,
512,
515,
522,
524,
525,
527,
529,
531,
533,
534,
536,
537,
538,
539,
540,
542,
543,
548,
549,
550,
554,
556,
557,
558,
560,
563,
566,
567,
571,
574,
578,
584,
588,
590,
593,
594,
599,
600,
605,
609,
610,
611,
612,
613,
615,
617,
618,
620,
621,
626,
627,
630,
631,
632,
633,
634,
636,
637,
639,
641,
645,
646,
647,
648,
650,
653,
654,
655,
663,
666,
667,
670,
671,
672,
673,
674,
677,
679,
681,
682,
683,
685,
688,
690,
691,
693,
694,
695,
696,
698,
704,
710,
711,
712,
713,
714,
715,
717,
718,
719,
720,
722,
724,
725,
727,
728,
729,
731,
732,
733,
735,
736,
737,
738,
739,
742,
743,
744,
745,
748,
750,
751,
752,
757,
758,
761,
762,
763,
767,
768,
772,
774,
776,
777,
778,
779,
780,
782,
783,
784,
787,
788,
789,
794,
795,
800,
801,
802,
805,
810,
811,
812,
813,
814,
815,
816,
817,
825,
826,
827,
829,
831,
834,
835,
841,
842,
845,
846,
852,
855,
856,
858,
860,
862,
863,
870,
871,
872,
876,
877,
880,
881,
882,
883,
885,
888,
889,
894,
896,
898,
899,
900,
901,
902,
903,
906,
908,
909,
910,
911,
913,
915,
916,
918,
921,
922,
923,
924,
929,
931,
934,
936,
939,
940,
941,
943,
944,
948,
950,
951,
952,
953,
960,
961,
963,
964,
965,
967,
968,
970,
971,
972,
973,
978,
979,
981,
982,
983,
986,
988,
990,
992,
993,
994,
995,
996,
997,
1001,
1002,
1006,
1007,
1009,
1010,
1011,
1013,
1014,
1015,
1016,
1017,
1020,
1021,
1022,
1024,
1029,
1032,
1034,
1035,
1037,
1038,
1042,
1043,
1045,
1046,
1048,
1049,
1050,
1051,
1052,
1053,
1054,
1055,
1059,
1060,
1061,
1063,
1064,
1066,
1068,
1069,
1070,
1071,
1074,
1075,
1078,
1081,
1085,
1086,
1087,
1090,
1092,
1093,
1094,
1095,
1096,
1097,
1099,
1100,
1101,
1102,
1104,
1105,
1106,
1107,
1108,
1109,
1110,
1111,
1113,
1117,
1118,
1119,
1120,
1121,
1122,
1123,
1127,
1128,
1130,
1132,
1134,
1135,
1136,
1140,
1144,
1147,
1148,
1149,
1150,
1151,
1153,
1154,
1155,
1156,
1158,
1159,
1161,
1163,
1164,
1166,
1167,
1168,
1169,
1170,
1171,
1172,
1173,
1177,
1178,
1182,
1184,
1189,
1191,
1192,
1195,
1196,
1197,
1204,
1205,
1206,
1207,
1212,
1213,
1214,
1216,
1220,
1221,
1222,
1224,
1225,
1226,
1228,
1232,
1236,
1237,
1239,
1244,
1247,
1248,
1250,
1254,
1255,
1256,
1258,
1259,
1260,
1261,
1262,
1264,
1266,
1268,
1269,
1270,
1271,
1272,
1275,
1276,
1278,
1279,
1282,
1292,
1294,
1302,
1305,
1307,
1308,
1309,
1311,
1313,
1314,
1317,
1319,
1320,
1324,
1326,
1327,
1328,
1331,
1334,
1337,
1338,
1339,
1340,
1341,
1345,
1346,
1347,
1348,
1353,
1354,
1355,
1356,
1357,
1358,
1360,
1361,
1362,
1363,
1366,
1367,
1368,
1369,
1372,
1373,
1375,
1376,
1379,
1381,
1382,
1383,
1384,
1386,
1388,
1390,
1392,
1393,
1394,
1396,
1397,
1401,
1404,
1406,
1407,
1408,
1410,
1413,
1414,
1415,
1416,
1417,
1418,
1419,
1425,
1426,
1427,
1430,
1431,
1432,
1434,
1436,
1437,
1441,
1443,
1444,
1449,
1450,
1452,
1453,
1455,
1456,
1459,
1460,
1461,
1463,
1465,
1468,
1469,
1472,
1476,
1477,
1478,
1480,
1481,
1482,
1483,
1484,
1486,
1487,
1493,
1494,
1496,
1497,
1503,
1505,
1507,
1509,
1513,
1514,
1518,
1519,
1520,
1522,
1524,
1525,
1530,
1531,
1532,
1533,
1535,
1536,
1538,
1540,
1541,
1543,
1544,
1545,
1546,
1548,
1549,
1550,
1551,
1554,
1555,
1556,
1557,
1559,
1561,
1568,
1573,
1574,
1577,
1578,
1581,
1582,
1584,
1585,
1586,
1588,
1590,
1591,
1592,
1594,
1596,
1597,
1605,
1606,
1607,
1612,
1614,
1615,
1616,
1621,
1623,
1624,
1625,
1627,
1629,
1630,
1631,
1632,
1633,
1634,
1635,
1636,
1638,
1642,
1644,
1645,
1646,
1648,
1650,
1651,
1652,
1654,
1655,
1656,
1658,
1659,
1660,
1661,
1662,
1663,
1665,
1666,
1667,
1668,
1669,
1672,
1673,
1674,
1675,
1676,
1677,
1681,
1682,
1683,
1684,
1685,
1686,
1688,
1690,
1691,
1695,
1696,
1697,
1704,
1705,
1706,
1708,
1709,
1710,
1711,
1713,
1717,
1719,
1720,
1722,
1723,
1727,
1729,
1732,
1737,
1739,
1744,
1745,
1747,
1748,
1751,
1752,
1755,
1757,
1758,
1759,
1762,
1763,
1764,
1765,
1766,
1767,
1769,
1772,
1773,
1776,
1778,
1780,
1782,
1783,
1784,
1785,
1787,
1788,
1789,
1791,
1792,
1793,
1796,
1799,
1800,
1801,
1802,
1803,
1804,
1809,
1810,
1813,
1814,
1816,
1818,
1819,
1820,
1823,
1824,
1826,
1827,
1830,
1831,
1832,
1834,
1835,
1836,
1838,
1839,
1841,
1843,
1845,
1846,
1847,
1848,
1849,
1850,
1851,
1854,
1855,
1856,
1857,
1858,
1859,
1862,
1865,
1866,
1868,
1870,
1873,
1879,
1881,
1889,
1890,
1891,
1892,
1895,
1896,
1898,
1899,
1904,
1905,
1906,
1908,
1909,
1913,
1914,
1915,
1916,
1917,
1919,
1920,
1921,
1924,
1925,
1927,
1928,
1929,
1930,
1934,
1936,
1939,
1943,
1944,
1945,
1946,
1952,
1954,
1955,
1956,
1957,
1958,
1959,
1960,
1963,
1965,
1968,
1969,
1973,
1975,
1978,
1982,
1984,
1985,
1986,
1987,
1988,
1989,
1990,
1991,
1992,
1993,
1997,
1998,
1999,
2000,
2006,
2008,
2013,
2014,
2015,
2016,
2017,
2018,
2019,
2022,
2024,
2026,
2029,
2030,
2032,
2035,
2038,
2040,
2042,
2043,
2048,
2054,
2057,
2058,
2060,
2061,
2062,
2063,
2064,
2065,
2067,
2074,
2077,
2078,
2082,
2083,
2086,
2087,
2088,
2090,
2091,
2093,
2095,
2097,
2098,
2100,
2101,
2102,
2105,
2108,
2112,
2113,
2114,
2115,
2116,
2122,
2127,
2128,
2130,
2135,
2137,
2138,
2139,
2140,
2143,
2144,
2145,
2148,
2149,
2150,
2155,
2162,
2163,
2164,
2168,
2172,
2178,
2180,
2181,
2183,
2186,
2188,
2193,
2194,
2195,
2196,
2198,
2199,
2200,
2201,
2202,
2204,
2208,
2211,
2212,
2215,
2220,
2221,
2223,
2224,
2225,
2226,
2227,
2228,
2232,
2236,
2238,
2241,
2242,
2243,
2248,
2249,
2252,
2253,
2260,
2261,
2263,
2264,
2265,
2270,
2272,
2273,
2276,
2277,
2278,
2283,
2284,
2285,
2290,
2293,
2294,
2298,
2302,
2306,
2307,
2308,
2311,
2313,
2316,
2318,
2319,
2320,
2322,
2324,
2326,
2327,
2331,
2333,
2335,
2336,
2338,
2341,
2342,
2343,
2344,
2348,
2349,
2351,
2352,
2354,
2359,
2360,
2361,
2362,
2364,
2367,
2369,
2370,
2371,
2373,
2374,
2375,
2379,
2380,
2383,
2385,
2386,
2389,
2390,
2395,
2396,
2398,
2400,
2404,
2405,
2406,
2409,
2410,
2411,
2413,
2414,
2415,
2417,
2418,
2420,
2422,
2423,
2430,
2431,
2432,
2435,
2437,
2438,
2439,
2443,
2446,
2447,
2451,
2452,
2456,
2462,
2463,
2464,
2465,
2466,
2468,
2469,
2471,
2475,
2478,
2481,
2482,
2484,
2488,
2491,
2500,
2501,
2503,
2504,
2505,
2506,
2509,
2510,
2513,
2515,
2518,
2519,
2522,
2523,
2524,
2528,
2529,
2530,
2531,
2534,
2536,
2537,
2538,
2540,
2542,
2544,
2545,
2547,
2550,
2551,
2553,
2554,
2557,
2563,
2566,
2569,
2570,
2571,
2573,
2577,
2578,
2579,
2580,
2581,
2584,
2585,
2586,
2587,
2590,
2591,
2593,
2594,
2595,
2599,
2601,
2604,
2605,
2606,
2607,
2608,
2609,
2610,
2612,
2614,
2615,
2617,
2621,
2624,
2625,
2626,
2628,
2630,
2631,
2633,
2634,
2637,
2638,
2640,
2641,
2642,
2644,
2646,
2647,
2649,
2651,
2653,
2654,
2656,
2657,
2658,
2663,
2664,
2665,
2667,
2668,
2669,
2671,
2672,
2675,
2677,
2679,
2680,
2682,
2683,
2685,
2687,
2688,
2696,
2699,
2700,
2702,
2704,
2705,
2707,
2708,
2709,
2711,
2713,
2714,
2717,
2722,
2723,
2724,
2725,
2726,
2729,
2731,
2734,
2735,
2736,
2737,
2740,
2741,
2743,
2744,
2748,
2750,
2752,
2753,
2754,
2755,
2756,
2757,
2758,
2759,
2760,
2761,
2762,
2763,
2764,
2765,
2766,
2767,
2768,
2769,
2772,
2774,
2780,
2781,
2783,
2784,
2785,
2789,
2790,
2791,
2796,
2800,
2802,
2803,
2804,
2807,
2808,
2809,
2810,
2815,
2817,
2818,
2820,
2823,
2826,
2828,
2829,
2830,
2832,
2834,
2835,
2836,
2837,
2839,
2840,
2842,
2846,
2849,
2851,
2853,
2855,
2856,
2858,
2865,
2867,
2868,
2869,
2871,
2875,
2877,
2878,
2880,
2883,
2886,
2889,
2890,
2891,
2893,
2896,
2897,
2902,
2903,
2904,
2905,
2906,
2909,
2910,
2911,
2913,
2914,
2915,
2920,
2921,
2924,
2927,
2929,
2930,
2932,
2933,
2934,
2935,
2937,
2940,
2942,
2945,
2947,
2948,
2949,
2950,
2951,
2953,
2956,
2958,
2959,
2962,
2963,
2965,
2966,
2967,
2968,
2969,
2971,
2972,
2974,
2979,
2980,
2981,
2982,
2983,
2986,
2987,
2995,
2996,
2999,
3001,
3003,
3008,
3010,
3013,
3015,
3018,
3020,
3025,
3026,
3027,
3028,
3030,
3035,
3036,
3039,
3041,
3043,
3045,
3046,
3047,
3048,
3050,
3055,
3056,
3057,
3058,
3059,
3061,
3068,
3069,
3070,
3071,
3073,
3074,
3077,
3079,
3080,
3083,
3084,
3089,
3091,
3093,
3094,
3096,
3098,
3099,
3100,
3101,
3103,
3104,
3105,
3108,
3109,
3111,
3112,
3118,
3121,
3122,
3124,
3125,
3127,
3129,
3130,
3133,
3134,
3138,
3139,
3140,
3141,
3143,
3145,
3146,
3154,
3155,
3158,
3159,
3160,
3162,
3163,
3166,
3167,
3168,
3169,
3170,
3171,
3172,
3174,
3175,
3182,
3188,
3189,
3192,
3193,
3195,
3197,
3198,
3201,
3202,
3203,
3204,
3205,
3206,
3207,
3210,
3211,
3212,
3213,
3215,
3216,
3218,
3221,
3223,
3224,
3226,
3227,
3230,
3231,
3235,
3236,
3238,
3242,
3243,
3244,
3245,
3246,
3248,
3249,
3252,
3253,
3254,
3255,
3258,
3262,
3263,
3266,
3268,
3270,
3276,
3278,
3280,
3281,
3283,
3284,
3285,
3286,
3287,
3289,
3292,
3293,
3296,
3297,
3298,
3299,
3300,
3301,
3303,
3304,
3310,
3311,
3313,
3316,
3320,
3321,
3322,
3324,
3325,
3327,
3329,
3330,
3331,
3335,
3336,
3339,
3340,
3341,
3343,
3345,
3348,
3353,
3354,
3355,
3357,
3360,
3361,
3364,
3365,
3366,
3367,
3374,
3376,
3378,
3380,
3381,
3382,
3384,
3385,
3390,
3391,
3394,
3400,
3403,
3405,
3406,
3409,
3411,
3412,
3414,
3416,
3418,
3419,
3422,
3423,
3424,
3428,
3429,
3431,
3433,
3434,
3435,
3436,
3442,
3444,
3446,
3447,
3448,
3450,
3451,
3452,
3454,
3456,
3457,
3464,
3467,
3468,
3469,
3470,
3472,
3473,
3481,
3482,
3483,
3485,
3487,
3489,
3494,
3496,
3497,
3498,
3500,
3502,
3503,
3504,
3505,
3506,
3507,
3509,
3518,
3519,
3520,
3522,
3523,
3524,
3527,
3528,
3530,
3533,
3534,
3535,
3536,
3539,
3540,
3541,
3542,
3544,
3545,
3546,
3547,
3549,
3553,
3554,
3555,
3557,
3560,
3561,
3562,
3563,
3564,
3566,
3568,
3571,
3572,
3573,
3574,
3576,
3577,
3579,
3580,
3582,
3584,
3589,
3590,
3591,
3592,
3595,
3598,
3601,
3603,
3606,
3608,
3610,
3611,
3612,
3614,
3615,
3616,
3617,
3618,
3619,
3622,
3626,
3628,
3629,
3630,
3633,
3634,
3635,
3637,
3640,
3642,
3644,
3646,
3647,
3649,
3655,
3660,
3662,
3663,
3668,
3670,
3671,
3672,
3674,
3675,
3676,
3683,
3684,
3686,
3689,
3690,
3692,
3695,
3699,
3700,
3703,
3706,
3708,
3713,
3715,
3716,
3718,
3723,
3727,
3728,
3729,
3730,
3732,
3734,
3736,
3737,
3738,
3739,
3741,
3746,
3747,
3749,
3752,
3755,
3757,
3759,
3760,
3761,
3763,
3764,
3765,
3766,
3770,
3772,
3774,
3775,
3776,
3779,
3780,
3781,
3782,
3783,
3784,
3785,
3787,
3788,
3789,
3792,
3797,
3798,
3800,
3801,
3803,
3804,
3805,
3806,
3808,
3809,
3811,
3812,
3814,
3818,
3820,
3821,
3822,
3823,
3825,
3826,
3827,
3829,
3830,
3831,
3833,
3837,
3838,
3846,
3849,
3850,
3851,
3852,
3854,
3855,
3857,
3858,
3860,
3863,
3865,
3866,
3872,
3875,
3876,
3878,
3879,
3880,
3887,
3888,
3890,
3892,
3893,
3897,
3898,
3901,
3902,
3910,
3911,
3914,
3915,
3917,
3918,
3919,
3921,
3923,
3924,
3926,
3929,
3930,
3931,
3935,
3936,
3941,
3943,
3944,
3946,
3947,
3948,
3949,
3950,
3951,
3953,
3954,
3955,
3956,
3958,
3959,
3960,
3962,
3964,
3969,
3970,
3971,
3973,
3979,
3980,
3981,
3982,
3985,
3986,
3987,
3988,
3989,
3990,
3993,
4000,
4001,
4002,
4003,
4004,
4005,
4006,
4007,
4008,
4009,
4010,
4014,
4017,
4020,
4022,
4023,
4025,
4027,
4028,
4032,
4034,
4035,
4036,
4040,
4043,
4044,
4049,
4050,
4053,
4054,
4057,
4058,
4060,
4062,
4063,
4064,
4067,
4068,
4069,
4070,
4071,
4073,
4075,
4076,
4077,
4078,
4079,
4080,
4082,
4090,
4093,
4094,
4097,
4102,
4105,
4109,
4113,
4118,
4122,
4123,
4125,
4127,
4131,
4132,
4133,
4135,
4136,
4137,
4139,
4140,
4142,
4145,
4146,
4148,
4149,
4150,
4151,
4152,
4154,
4156,
4157,
4159,
4160,
4162,
4163,
4164,
4166,
4167,
4169,
4170,
4171,
4176,
4177,
4178,
4180,
4183,
4191,
4192,
4194,
4195,
4203,
4207,
4208,
4210,
4212,
4214,
4216,
4217,
4218,
4219,
4223,
4226,
4227,
4228,
4229,
4232,
4234,
4242,
4243,
4246,
4248,
4249,
4250,
4253,
4254,
4256,
4257,
4258,
4260,
4263,
4265,
4266,
4267,
4269,
4272,
4273,
4274,
4276,
4277,
4279,
4281,
4282,
4284,
4285,
4286,
4288,
4290,
4291,
4292,
4293,
4294,
4295,
4296,
4300,
4301,
4303,
4304,
4306,
4307,
4308,
4309,
4311,
4312,
4315,
4317,
4320,
4324,
4326,
4328,
4329,
4331,
4332,
4333,
4334,
4338,
4343,
4344,
4345,
4346,
4347,
4349,
4353,
4359,
4360,
4361,
4362,
4363,
4370,
4371,
4372,
4373,
4374,
4375,
4377,
4378,
4379,
4380,
4382,
4383,
4384,
4387,
4391,
4394,
4395,
4396,
4399,
4402,
4403,
4404,
4405,
4406,
4407,
4409,
4414,
4415,
4416,
4420,
4421,
4422,
4423,
4426,
4428,
4435,
4436,
4437,
4438,
4441,
4442,
4444,
4445,
4446,
4449,
4451,
4453,
4454,
4456,
4459,
4463,
4464,
4466,
4468,
4472,
4473,
4474,
4475,
4480,
4486,
4490,
4491,
4492,
4493,
4496,
4497,
4500,
4501,
4502,
4505,
4507,
4512,
4514,
4516,
4517,
4521,
4522,
4523,
4524,
4525,
4526,
4528,
4530,
4531,
4532,
4533,
4536,
4538,
4539,
4540,
4542,
4544,
4545,
4550,
4552,
4554,
4556,
4557,
4558,
4560,
4561,
4562,
4563,
4564,
4565,
4567,
4570,
4571,
4573,
4575,
4576,
4582,
4585,
4586,
4589,
4590,
4593,
4594,
4595,
4596,
4597,
4598,
4599,
4600,
4603,
4605,
4610,
4611,
4612,
4613,
4614,
4616,
4617,
4618,
4622,
4623,
4625,
4626,
4627,
4628,
4629,
4630,
4631,
4632,
4633,
4634,
4636,
4637,
4640,
4644,
4648,
4650,
4651,
4652,
4653,
4655,
4656,
4660,
4661,
4662,
4664,
4666,
4668,
4669,
4670,
4672,
4674,
4676,
4677,
4679,
4686,
4688,
4692,
4693,
4696,
4697,
4703,
4706,
4709,
4712,
4713,
4714,
4716,
4717,
4719,
4720,
4721,
4722,
4723,
4730,
4734,
4735,
4737,
4738,
4739,
4740,
4741,
4746,
4747,
4750,
4751,
4753,
4760,
4761,
4762,
4763,
4765,
4766,
4767,
4768,
4771,
4774,
4775,
4777,
4779,
4780,
4782,
4783,
4784,
4785,
4787,
4789,
4790,
4792,
4793,
4797,
4800,
4801,
4807,
4808,
4810,
4814,
4816,
4820,
4821,
4822,
4823,
4824,
4825,
4826,
4828,
4829,
4830,
4832,
4834,
4836,
4838,
4842,
4844,
4845,
4848,
4849,
4851,
4853,
4854,
4856,
4857,
4859,
4860,
4862,
4864,
4865,
4866,
4869,
4870,
4871,
4872,
4873,
4876,
4878,
4881,
4883,
4884,
4885,
4886,
4887,
4888,
4889,
4892,
4896,
4900,
4901,
4903,
4904,
4905,
4906,
4908,
4910,
4911,
4912,
4913,
4917,
4921,
4923,
4926,
4927,
4929,
4930,
4931,
4932,
4935,
4938,
4942,
4944,
4945,
4946,
4947,
4950,
4958,
4965,
4970,
4973,
4974,
4978,
4980,
4981,
4982,
4983,
4986,
4987,
4988,
4989,
4991,
4993,
4994,
4995,
4996,
4997,
4998,
4999,
5002,
5003,
5004,
5005,
5007,
5009,
5011,
5014,
5015,
5018,
5020,
5023,
5027,
5028,
5029,
5032,
5034,
5035,
5039,
5040,
5041,
5042,
5043,
5044,
5046,
5047,
5050,
5051,
5053,
5056,
5057,
5058,
5059,
5060,
5061,
5062,
5069,
5070,
5071,
5078,
5080,
5081,
5082,
5084,
5086,
5088,
5090,
5092,
5094,
5096,
5097,
5099,
5100,
5101,
5102,
5108,
5110,
5112,
5114,
5118,
5122,
5125,
5126,
5129,
5130,
5131,
5132,
5133,
5140,
5142,
5144,
5145,
5149,
5150,
5152,
5157,
5160,
5162,
5165,
5166,
5169,
5171,
5172,
5173,
5174,
5175,
5176,
5179,
5180,
5181,
5183,
5185,
5186,
5188,
5190,
5191,
5193,
5196,
5198,
5199,
5202,
5203,
5204,
5205,
5206,
5207,
5211,
5218,
5219,
5220,
5223,
5228,
5229,
5233,
5236,
5237,
5238,
5239,
5240,
5241,
5244,
5245,
5246,
5249,
5253,
5255,
5256,
5257,
5259,
5261,
5262,
5266,
5267,
5270,
5272,
5274,
5275,
5277,
5280,
5282,
5285,
5286,
5287,
5290,
5291,
5296,
5298,
5301,
5302,
5304,
5305,
5306,
5308,
5309,
5311,
5312,
5315,
5317,
5318,
5320,
5323,
5324,
5325,
5329,
5330,
5333,
5334,
5337,
5338,
5339,
5341,
5343,
5350,
5351,
5352,
5353,
5354,
5356,
5357,
5358,
5359,
5361,
5362,
5365,
5367,
5368,
5369,
5371,
5373,
5375,
5376,
5378,
5380,
5381,
5382,
5384,
5386,
5389,
5390,
5391,
5393,
5395,
5397,
5398,
5399,
5400,
5401,
5402,
5404,
5405,
5406,
5408,
5412,
5413,
5417,
5418,
5420,
5425,
5429,
5432,
5433,
5437,
5440,
5442,
5445,
5446,
5447,
5450,
5453,
5457,
5458,
5460,
5462,
5469,
5472,
5474,
5476,
5479,
5480,
5482,
5483,
5484,
5485,
5486,
5487,
5491,
5492,
5493,
5494,
5495,
5496,
5497,
5500,
5506,
5507,
5508,
5510,
5517,
5518,
5519,
5520,
5521,
5524,
5526,
5527,
5529,
5531,
5532,
5534,
5536,
5542,
5543,
5544,
5546,
5548,
5551,
5553,
5557,
5559,
5562,
5565,
5566,
5567,
5570,
5573,
5574,
5578,
5580,
5581,
5582,
5584,
5586,
5589,
5590,
5592,
5593,
5595,
5596,
5597,
5598,
5599,
5601,
5606,
5607,
5608,
5612,
5613,
5616,
5617,
5622,
5624,
5627,
5630,
5631,
5632,
5634,
5636,
5638,
5641,
5643,
5644,
5645,
5646,
5650,
5652,
5653,
5654,
5656,
5657,
5658,
5661,
5664,
5666,
5667,
5668,
5670,
5676,
5678,
5680,
5685,
5686,
5689,
5694,
5695,
5697,
5698,
5699,
5700,
5701,
5702,
5704,
5705,
5706,
5709,
5711,
5712,
5714,
5716,
5718,
5722,
5724,
5726,
5728,
5732,
5734,
5735,
5737,
5739,
5740,
5742,
5748,
5749,
5751,
5754,
5755,
5757,
5759,
5761,
5762,
5763,
5764,
5765,
5767,
5768,
5769,
5770,
5771,
5775,
5777,
5779,
5780,
5781,
5783,
5784,
5785,
5786,
5788,
5793,
5795,
5796,
5797,
5798,
5800,
5801,
5802,
5803,
5804,
5805,
5808,
5809,
5813,
5814,
5817,
5821,
5822,
5829,
5831,
5837,
5838,
5839,
5843,
5844,
5845,
5846,
5847,
5849,
5850,
5853,
5854,
5858,
5860,
5862,
5863,
5864,
5868,
5869,
5871,
5872,
5874,
5878,
5881,
5883,
5884,
5885,
5886,
5891,
5892,
5893,
5896,
5897,
5898,
5901,
5902,
5903,
5904,
5908,
5909,
5911,
5913,
5914,
5918,
5924,
5928,
5933,
5935,
5938,
5939,
5940,
5941,
5942,
5947,
5949,
5951,
5952,
5953,
5955,
5960,
5961,
5962,
5964,
5967,
5968,
5969,
5971,
5972,
5973,
5975,
5976,
5978,
5979,
5980,
5981,
5984,
5985,
5986,
5987,
5988,
5989,
5990,
5994,
5996,
5998,
5999,
6000,
6001,
6005,
6006,
6009,
6010,
6014,
6015,
6017,
6019,
6021,
6022,
6025,
6027,
6031,
6034,
6036,
6038,
6039,
6041,
6042,
6043,
6044,
6047,
6048,
6049,
6050,
6051,
6053,
6054,
6057,
6059,
6061,
6062,
6067,
6068,
6069,
6071,
6074,
6077,
6081,
6082,
6085,
6086,
6089,
6090,
6091,
6092,
6093,
6096,
6100,
6101,
6105,
6108,
6110,
6112,
6113,
6116,
6118,
6122,
6123,
6124,
6126,
6127,
6128,
6129,
6130,
6131,
6134,
6135,
6136,
6137,
6142,
6145,
6149,
6151,
6152,
6153,
6158,
6159,
6160,
6163,
6165,
6168,
6169,
6170,
6172,
6173,
6174,
6177,
6181,
6184,
6188,
6189,
6190,
6191,
6192,
6195,
6198,
6200,
6203,
6206,
6207,
6208,
6211,
6212,
6213,
6214,
6220,
6221,
6222,
6223,
6224,
6225,
6227,
6228,
6230,
6231,
6238,
6239,
6241,
6242,
6243,
6244,
6248,
6249,
6250,
6252,
6253,
6256,
6257,
6259,
6260,
6262,
6264,
6265,
6267,
6268,
6269,
6270,
6272,
6274,
6280,
6283,
6286,
6288,
6289,
6291,
6293,
6294,
6298,
6299,
6300,
6301,
6302,
6303,
6304,
6305,
6306,
6307,
6310,
6312,
6314,
6315,
6316,
6317,
6318,
6319,
6320,
6322,
6323,
6325,
6326,
6332,
6333,
6334,
6335,
6336,
6338,
6339,
6340,
6341,
6342,
6345,
6347,
6350,
6351,
6352,
6353,
6355,
6358,
6360,
6361,
6362,
6364,
6365,
6366,
6367,
6368,
6370,
6371,
6373,
6374,
6375,
6376,
6379,
6380,
6382,
6384,
6385,
6386,
6387,
6389,
6392,
6395,
6396,
6400,
6401,
6404,
6405,
6406,
6408,
6410,
6411,
6412,
6413,
6416,
6418,
6420,
6422,
6423,
6427,
6431,
6432,
6433,
6435,
6437,
6438,
6439,
6440,
6445,
6447,
6451,
6452,
6454,
6455,
6456,
6457,
6458,
6459,
6462,
6465,
6466,
6467,
6468,
6470,
6476,
6477,
6484,
6486,
6487,
6488,
6489,
6490,
6492,
6493,
6494,
6495,
6496,
6497,
6500,
6502,
6505,
6507,
6512,
6513,
6514,
6515,
6516,
6517,
6518,
6519,
6520,
6521,
6522,
6526,
6529,
6531,
6535,
6536,
6537,
6539,
6541,
6542,
6544,
6545,
6546,
6547,
6549,
6550,
6552,
6553,
6554,
6555,
6558,
6559,
6561,
6563,
6564,
6566,
6568,
6569,
6572,
6575,
6576,
6577,
6581,
6582,
6584,
6585,
6586,
6588,
6591,
6592,
6597,
6598,
6600,
6601,
6602,
6603,
6606,
6610,
6611,
6612,
6615,
6616,
6618,
6619,
6620,
6621,
6624,
6625,
6626,
6631,
6633,
6636,
6639,
6640,
6641,
6642,
6644,
6647,
6649,
6651,
6652,
6655,
6657,
6658,
6659,
6660,
6661,
6666,
6671,
6672,
6674,
6678,
6679,
6680,
6681,
6682,
6684,
6686,
6689,
6691,
6692,
6693,
6696,
6699,
6702,
6706,
6708,
6709,
6711,
6712,
6713,
6715,
6717,
6719,
6721,
6722,
6724,
6727,
6728,
6729,
6731,
6732,
6733,
6734,
6737,
6738,
6739,
6741,
6742,
6743,
6744,
6747,
6748,
6749,
6751,
6756,
6758,
6759,
6760,
6762,
6763,
6765,
6766,
6767,
6769,
6770,
6771,
6774,
6777,
6778,
6779,
6781,
6782,
6786,
6788,
6789,
6792,
6794,
6796,
6800,
6801,
6802,
6803,
6809,
6810,
6812,
6814,
6815,
6816,
6820,
6822,
6824,
6828,
6829,
6831,
6833,
6835,
6836,
6837,
6840,
6842,
6844,
6846,
6848,
6850,
6853,
6856,
6859,
6862,
6863,
6865,
6866,
6870,
6872,
6873,
6876,
6877,
6883,
6886,
6887,
6888,
6891,
6893,
6894,
6896,
6897,
6898,
6899,
6900,
6903,
6907,
6910,
6911,
6912,
6918,
6920,
6921,
6927,
6929,
6932,
6933,
6934,
6935,
6936,
6939,
6943,
6944,
6948,
6950,
6952,
6953,
6956,
6957,
6960,
6961,
6962,
6963,
6964,
6965,
6967,
6969,
6974,
6975,
6976,
6980,
6981,
6982,
6983,
6984,
6986,
6987,
6988,
6993,
6995,
6999,
7001,
7003,
7004,
7005,
7006,
7007,
7008,
7009,
7010,
7011,
7014,
7017,
7018,
7019,
7020,
7021,
7024,
7025,
7026,
7028,
7029,
7031,
7032,
7033,
7034,
7036,
7038,
7046,
7047,
7048,
7049,
7050,
7051,
7052,
7053,
7054,
7057,
7058,
7060,
7062,
7064,
7065,
7066,
7072,
7073,
7074,
7076,
7077,
7078,
7079,
7080,
7081,
7085,
7086,
7091,
7093,
7097,
7098,
7099,
7101,
7102,
7104,
7106,
7107,
7108,
7109,
7111,
7112,
7114,
7115,
7116,
7117,
7119,
7120,
7123,
7124,
7126,
7127,
7128,
7129,
7130,
7138,
7141,
7143,
7144,
7147,
7151,
7160,
7163,
7166,
7167,
7168,
7169,
7171,
7172,
7173,
7174,
7175,
7176,
7178,
7179,
7180,
7183,
7184,
7189,
7190,
7191,
7192,
7193,
7197,
7198,
7201,
7202,
7203,
7204,
7205,
7206,
7207,
7209,
7211,
7212,
7213,
7220,
7221,
7227,
7230,
7234,
7236,
7240,
7244,
7245,
7247,
7249,
7252,
7253,
7254,
7256,
7261,
7262,
7263,
7264,
7265,
7266,
7269,
7273,
7274,
7278,
7280,
7282,
7285,
7287,
7292,
7295,
7296,
7297,
7298,
7299,
7301,
7302,
7303,
7304,
7307,
7310,
7314,
7320,
7322,
7323,
7324,
7326,
7327,
7328,
7332,
7336,
7337,
7338,
7340,
7341,
7343,
7345,
7347,
7348,
7352,
7353,
7360,
7362,
7363,
7365,
7366,
7368,
7369,
7371,
7373,
7374,
7378,
7380,
7382,
7384,
7386,
7390,
7391,
7394,
7395,
7396,
7398,
7400,
7401,
7403,
7408,
7414,
7416,
7421,
7423,
7426,
7428,
7429,
7435,
7436,
7437,
7438,
7439,
7444,
7445,
7447,
7450,
7451,
7454,
7455,
7458,
7459,
7461,
7462,
7464,
7467,
7468,
7469,
7472,
7473,
7474,
7475,
7477,
7478,
7480,
7482,
7483,
7484,
7485,
7488,
7489,
7490,
7493,
7499,
7500,
7501,
7502,
7503,
7506,
7508,
7511,
7514,
7516,
7517,
7518,
7519,
7521,
7522,
7525,
7526,
7527,
7528,
7530,
7531,
7533,
7534,
7537,
7540,
7544,
7545,
7547,
7548,
7552,
7553,
7556,
7562,
7566,
7568,
7569,
7574,
7577,
7580,
7583,
7586,
7588,
7589,
7591,
7594,
7595,
7596,
7597,
7598,
7599,
7600,
7602,
7603,
7608,
7610,
7613,
7614,
7618,
7619,
7621,
7624,
7626,
7628,
7631,
7634,
7635,
7636,
7640,
7644,
7646,
7649,
7653,
7655,
7656,
7658,
7661,
7662,
7665,
7666,
7667,
7668,
7669,
7674,
7677,
7680,
7682,
7683,
7685,
7686,
7687,
7688,
7690,
7691,
7692,
7693,
7696,
7697,
7699,
7700,
7702,
7703,
7705,
7707,
7708,
7709,
7711,
7714,
7716,
7718,
7719,
7721,
7722,
7723,
7725,
7726,
7727,
7728,
7729,
7730,
7731,
7733,
7734,
7737,
7739,
7740,
7742,
7744,
7749,
7750,
7752,
7753,
7754,
7755,
7757,
7758,
7760,
7761,
7762,
7763,
7764,
7767,
7769,
7770,
7772,
7775,
7778,
7784,
7785,
7788,
7789,
7790,
7791,
7794,
7796,
7798,
7802,
7803,
7807,
7808,
7810,
7811,
7812,
7814,
7815,
7817,
7818,
7821,
7825,
7826,
7828,
7833,
7835,
7836,
7837,
7839,
7840,
7842,
7843,
7849,
7850,
7851,
7852,
7853,
7854,
7855,
7856,
7858,
7860,
7861,
7862,
7863,
7864,
7866,
7867,
7868,
7869,
7870,
7871,
7873,
7874,
7875,
7876,
7878,
7879,
7881,
7883,
7884,
7885,
7887,
7888,
7889,
7894,
7895,
7897,
7901,
7903,
7905,
7906,
7907,
7908,
7909,
7910,
7911,
7913,
7916,
7917,
7919,
7920,
7921,
7922,
7924,
7926,
7928,
7929,
7932,
7933,
7934,
7936,
7938,
7939,
7941,
7942,
7944,
7946,
7948,
7951,
7953,
7955,
7958,
7959,
7960,
7962,
7964,
7965,
7968,
7969,
7970,
7971,
7972,
7974,
7975,
7984,
7985,
7987,
7988,
7989,
7990,
7991,
7993,
7995,
7996,
7998,
7999,
8001,
8003,
8004,
8006,
8007,
8008,
8009,
8010,
8011,
8016,
8018,
8019,
8020,
8024,
8029,
8035,
8036,
8037,
8038,
8043,
8046,
8048,
8050,
8052,
8053,
8058,
8061,
8062,
8063,
8068,
8069,
8070,
8073,
8074,
8076,
8077,
8078,
8079,
8080,
8084,
8088,
8091,
8092,
8093,
8095,
8100,
8101,
8102,
8104,
8109,
8111,
8113,
8115,
8117,
8118,
8119,
8121,
8122,
8123,
8126,
8135,
8136,
8137,
8138,
8141,
8144,
8146,
8147,
8149,
8152,
8155,
8157,
8159,
8161,
8162,
8166,
8167,
8168,
8172,
8173,
8177,
8178,
8183,
8184,
8188,
8189,
8190,
8191,
